Workbook
Name HELIX_daty: #REF!
Name HELIX_datz: #REF!
Name HELIX_CP3: #REF!
Name asdf: #REF!
Name as: #REF!
Name HELIX_datx: #REF!
Name HELIX_daty: #REF!
Name HELIX_az: #REF!
Name __RMX2: #REF!
Name HELIX_CP1: #REF!
Name HELIX_az: #REF!
Name __RMY1: #REF!
Name HELIX_datx: #REF!
Name wet: #REF!
Name __RMZ2: #REF!
Name er: #REF!
Name wet: #REF!
Name HELIX_CP3: #REF!
Name bss: #REF!
Name QWE: #REF!
Name __RMX1: #REF!
Name HELIX_az: #REF!
Name HELIX_ax: #REF!
Name asdf: #REF!
Name __RMZ1: #REF!
Name HELIX_datz: #REF!
Name __RMZ2: #REF!
Name HELIX_CP2: #REF!
Name as: #REF!
Name HH: #REF!
Name asdf: #REF!
Name __RMX1: #REF!
Name HELIX_CP3: #REF!
Name er: #REF!
Name rz: #REF!
Name er: #REF!
Name __RMX2: #REF!
Name yx: #REF!
Name __RMZ1: #REF!
Name HELIX_CP2: #REF!
Name HELIX_ay: #REF!
Name __RMX1: #REF!
Name sfdh: #REF!
Name HELIX_CP2: #REF!
Name bss: #REF!
Name bss: #REF!
Name HELIX_ay: #REF!
Name HELIX_CP1: #REF!
Name __RMZ1: #REF!
Name yx: #REF!
Name HELIX_datx: #REF!
Name yx: #REF!
Name __RMX2: #REF!
Name rz: #REF!
Name HELIX_CP1: #REF!
Name HELIX_daty: #REF!
Name __RMZ2: #REF!
Name __RMY1: #REF!
Name rz: #REF!
Name __RMY1: #REF!

Sheet 0
A2: _ | B2: ="export default l=>{" -> export default l=>{
A3: _ | B3: ="const h=['','','',''];" -> const h=['','','',''];
A4: _ | B4: ="const k=l[1]||Object();" -> const k=l[1]||Object();
A5: 0 | B5: ="const k"&$A$5&"=_=>Math.max(_,0);" -> const k0=_=>Math.max(_,0);
A6: 1 | B6: ="const k"&$A$6&"=_=>Math.abs(_/1);" -> const k1=_=>Math.abs(_/1);
A7: 2 | B7: ="const k"&$A$7&"=_=>Math.round(_/1);" -> const k2=_=>Math.round(_/1);
A8: 3 | B8: ="const k"&$A$8&"=_=>Math.round(_/100);" -> const k3=_=>Math.round(_/100);
A9: 4 | B9: ="const k"&$A$9&"=_=>Math.round(_*10)/10;" -> const k4=_=>Math.round(_*10)/10;
A10: 5 | B10: ="const k"&$A$10&"=_=>Math.round(_*100)/100;" -> const k5=_=>Math.round(_*100)/100;
A11: 6 | B11: ="const k"&$A$11&"=_=>Math.round(_*1000)/1000;" -> const k6=_=>Math.round(_*1000)/1000;
A12: 7 | B12: ="const k"&$A$12&"=_=>`${_}`?.padStart(2,'0');" -> const k7=_=>`${_}`?.padStart(2,'0');
A13: 8 | B13: ="const k"&$A$13&"=_=>`${_}`?.padStart(3,'0');" -> const k8=_=>`${_}`?.padStart(3,'0');
A14: 9 | B14: ="const k"&$A$14&"=_=>_.toString().split(',');" -> const k9=_=>_.toString().split(',');
A15: 10 | B15: ="const k"&$A$15&"=_=>k[_[0]]&&k[_[0]][_[1]];" -> const k10=_=>k[_[0]]&&k[_[0]][_[1]];
A16: 11 | B16: ="const k"&$A$16&"=_=>k[_[0]]&&k[_[0]][_[1]]||'';" -> const k11=_=>k[_[0]]&&k[_[0]][_[1]]||'';
A17: 12 | B17: ="const k"&$A$17&"=_=>k"&$A$16&"([_[0],_[1]])[_[2]]||'';" -> const k12=_=>k11([_[0],_[1]])[_[2]]||'';
A18: 13 | B18: ="const k"&$A$18&"=_=>k"&$A$16&"([_[0],_[2]])[_[1]]||'';" -> const k13=_=>k11([_[0],_[2]])[_[1]]||'';
A19: 14 | B19: ="const k"&$A$19&"=_=>k"&$A$16&"([_[0],_[2]])[_[1]]==null?0:1;" -> const k14=_=>k11([_[0],_[2]])[_[1]]==null?0:1;
A20: 15 | B20: ="const k"&$A$20&"=_=>k"&$A$19&"(_)?k"&$A$16&"([_[0],_[2]])[_[1]]:_[3];" -> const k15=_=>k14(_)?k11([_[0],_[2]])[_[1]]:_[3];
A21: 16 | B21: ="const k"&$A$21&"=_=>_.match(/.{2}/g).map(_=>parseInt(_,16));" -> const k16=_=>_.match(/.{2}/g).map(_=>parseInt(_,16));
A23: 0 | B23: ="const h"&$A$23&"=l=>{let l"&$A$64&"=k"&$A$18&"(l);let l"&$A$65&"=k"&$A$14&"(l"&$A$64&");let l"&$A$66&"=[l"&$A$65&"[0]||'',l"&$A$65&"[1]||''];return l"&$A$66&";};" -> const h0=l=>{let l0=k13(l);let l1=k9(l0);let l2=[l1[0]||'',l1[1]||''];return l2;};
A24: 1 | B24: ="const h"&$A$24&"=l=>{let l"&$A$64&"=k"&$A$14&"(l[0]);let l"&$A$65&"=l"&$A$64&".map(_=>`${_}${l[1]}`);let l"&$A$66&"=l"&$A$65&".join(' ');return l"&$A$66&";};" -> const h1=l=>{let l0=k9(l[0]);let l1=l0.map(_=>`${_}${l[1]}`);let l2=l1.join(' ');return l2;};
A25: 2 | B25: ="const h"&$A$25&"=l=>{let l"&$A$64&"=k"&$A$18&"(l);let l"&$A$65&"=k"&$A$14&"(l"&$A$64&");let l"&$A$66&"=Number(l"&$A$65&"[0]||0)+Number(l"&$A$65&"[1]||0);return l"&$A$66&";};" -> const h2=l=>{let l0=k13(l);let l1=k9(l0);let l2=Number(l1[0]||0)+Number(l1[1]||0);return l2;};
A26: 3 | B26: ="const h"&$A$26&"=l=>{let l"&$A$64&"=k"&$A$18&"(l);let l"&$A$65&"=k"&$A$14&"(l"&$A$64&");let l"&$A$66&"=[Number(l"&$A$65&"[0]||0),Number(l"&$A$65&"[1]||0)];return l"&$A$66&";};" -> const h3=l=>{let l0=k13(l);let l1=k9(l0);let l2=[Number(l1[0]||0),Number(l1[1]||0)];return l2;};
A27: 4 | B27: ="const h"&$A$27&"=l=>{let l"&$A$64&"=Number();for(let i=1;i<l.length;"&"i"&"++){l"&$A$64&"+=!k"&$A$16&"([l[0],l[i]])?0:1;}return l"&$A$64&";};" -> const h4=l=>{let l0=Number();for(let i=1;i<l.length;i++){l0+=!k11([l[0],l[i]])?0:1;}return l0;};
A28: 5 | B28: ="const h"&$A$28&"=l=>{let l"&$A$64&"=Number();let l"&$A$65&"=k"&$A$16&"(l);for(let i=0;i<l[3]+1;i++){l"&$A$64&"+=l"&$A$65&"[l[2]+i]==null?0:1;}return l"&$A$64&";};" -> const h5=l=>{let l0=Number();let l1=k11(l);for(let i=0;i<l[3]+1;i++){l0+=l1[l[2]+i]==null?0:1;}return l0;};
A29: 6 | B29: ="const h"&$A$29&"=l=>{let l"&$A$64&"=Number();let l"&$A$65&"=k"&$A$16&"(l);for(let i=2;i<l.length;i++){l"&$A$64&"+=l"&$A$65&"[l[i]]==null?0:1;}return l"&$A$64&";};" -> const h6=l=>{let l0=Number();let l1=k11(l);for(let i=2;i<l.length;i++){l0+=l1[l[i]]==null?0:1;}return l0;};
A30: 7 | B30: ="const h"&$A$30&"=l=>{let l"&$A$64&"=((l||0)-50)*Math.PI/50;let l"&$A$65&"=Math.cos(l"&$A$64&");let l"&$A$66&"=Math.sin(l"&$A$64&");let l"&$A$67&"=[l"&$A$65&",l"&$A$66&"];return l"&$A$67&";};" -> const h7=l=>{let l0=((l||0)-50)*Math.PI/50;let l1=Math.cos(l0);let l2=Math.sin(l0);let l3=[l1,l2];return l3;};
A31: 8 | B31: ="const h"&$A$31&"=l=>{let l"&$A$64&"=Number();for(let i=2;i<l.length;i++){let l"&$A$65&"=k"&$A$16&"([l[0],l[i]]);l"&$A$64&"+=l"&$A$65&"[l[1]]==null?0:1;}return l"&$A$64&";};" -> const h8=l=>{let l0=Number();for(let i=2;i<l.length;i++){let l1=k11([l[0],l[i]]);l0+=l1[l[1]]==null?0:1;}return l0;};
A32: 9 | B32: ="const hh"&$A$32&"=l=>{let l"&$A$64&"=Number();let l"&$A$65&"=l.slice(1);for(let i=0;i<100;i++){let l"&$A$66&"=h7([l[0],i,...l"&$A$65&"]);l"&$A$64&"+=!l"&$A$66&"?0:1;}return l"&$A$64&";};" -> const hh9=l=>{let l0=Number();let l1=l.slice(1);for(let i=0;i<100;i++){let l2=h7([l[0],i,...l1]);l0+=!l2?0:1;}return l0;};
A33: 10 | B33: ="const h"&$A$33&"=l=>{let l"&$A$64&"=k"&$A$16&"(['2',l[0]]);return l"&$A$64&"[l[1]]==null&&l"&$A$64&"[l[1]+"&COLUMN('2'!$O:$O)-COLUMN('2'!$N:$N)&"]==null?'0 0':`${l"&$A$64&"[l[1]]||0}px ${l"&$A$64&"[l[1]+"&COLUMN('2'!$O:$O)-COLUMN('2'!$N:$N)&"]||0}px`;};" -> const h10=l=>{let l0=k11(['2',l[0]]);return l0[l[1]]==null&&l0[l[1]+1]==null?'0 0':`${l0[l[1]]||0}px ${l0[l[1]+1]||0}px`;};
A34: 11 | B34: ="const h"&$A$34&"=[0||"&ROW('1'!$57:$57)-2&","&ROW('1'!$58:$58)-2&","&ROW('1'!$59:$59)-2&","&ROW('1'!$76:$76)-2&","&ROW('1'!$77:$77)-2&","&ROW('1'!$78:$78)-2&","&ROW('1'!$95:$95)-2&","&ROW('1'!$96:$96)-2&","&ROW('1'!$97:$97)-2&","&ROW('1'!$114:$114)-2&","&ROW('1'!$115:$115)-2&","&ROW('1'!$116:$116)-2&","&ROW('1'!$133:$133)-2&","&ROW('1'!$134:$134)-2&","&ROW('1'!$135:$135)-2&","&ROW('1'!$152:$152)-2&","&ROW('1'!$153:$153)-2&","&ROW('1'!$154:$154)-2&","&ROW('1'!$171:$171)-2&","&ROW('1'!$172:$172)-2&","&ROW('1'!$173:$173)-2&","&ROW('1'!$190:$190)-2&","&ROW('1'!$191:$191)-2&","&ROW('1'!$192:$192)-2&","&ROW('1'!$209:$209)-2&","&ROW('1'!$210:$210)-2&","&ROW('1'!$211:$211)-2&","&ROW('1'!$228:$228)-2&","&ROW('1'!$229:$229)-2&","&ROW('1'!$230:$230)-2&"];" -> const h11=[0||55,56,57,74,75,76,93,94,95,112,113,114,131,132,133,150,151,152,169,170,171,188,189,190,207,208,209,226,227,228];
A35: 12 | B35: ="const h"&$A$35&"=`feColorMatrix type='matrix' values='0.33 0.33 0.33 0 0 0.33 0.33 0.33 0 0 0.33 0.33 0.33 0 0 0 0 0 1 0'></feColorMatrix`;" -> const h12=`feColorMatrix type='matrix' values='0.33 0.33 0.33 0 0 0.33 0.33 0.33 0 0 0.33 0.33 0.33 0 0 0 0 0 1 0'></feColorMatrix`;
A36: 13 | B36: {="const h"&$A$36&"=l=>{let l"&$A$64&"=l[1]>="&ROW('3'!$5:$5)-4&"&&l[1]<="&ROW('3'!$304:$304)-4&"?['White','255,255,255,1','FFFFFF']:['Transparent','255,255,255,0','FFFFFF00'];return l"&$A$64&"[l[0]];};"} -> const h13=l=>{let l0=l[1]>=1&&l[1]<=300?['White','255,255,255,1','FFFFFF']:['Transparent','255,255,255,0','FFFFFF00'];return l0[l[0]];};
A37: 14 | B37: ="const h"&$A$37&"=l=>{let l"&$A$64&"=k"&$A$16&"(['2',l[0]]);return l"&$A$64&"[l[1]]==null&&l"&$A$64&"[l[1]+"&COLUMN('2'!$O:$O)-COLUMN('2'!$N:$N)&"]==null?'':` ${l"&$A$64&"[l[1]]||'0'}px${l"&$A$64&"[l[1]+"&COLUMN('2'!$O:$O)-COLUMN('2'!$N:$N)&"]==null?'':` ${l"&$A$64&"[l[1]+1]}px`}`;};" -> const h14=l=>{let l0=k11(['2',l[0]]);return l0[l[1]]==null&&l0[l[1]+1]==null?'':` ${l0[l[1]]||'0'}px${l0[l[1]+1]==null?'':` ${l0[l[1]+1]}px`}`;};
A38: 15 | B38: ="const h"&$A$38&"=l=>{let l"&$A$64&"=Array();if(k[l[0]]!=null){let l"&$A$65&"=Object.keys(k[l[0]]);let l"&$A$66&"=l"&$A$65&".filter(_=>_>=l[1]&&_<=l[2]);l"&$A$64&"=l"&$A$66&".map(_=>Number(_));}return l"&$A$64&";};" -> const h15=l=>{let l0=Array();if(k[l[0]]!=null){let l1=Object.keys(k[l[0]]);let l2=l1.filter(_=>_>=l[1]&&_<=l[2]);l0=l2.map(_=>Number(_));}return l0;};
A39: 16 | B39: ="const h"&$A$39&"=l=>{let l"&$A$64&"=k"&$A$16&"(['2',l[0]]);let l"&$A$65&"=k"&$A$14&"(l"&$A$64&"[l[1]]||[]);let l"&$A$66&"=k"&$A$14&"(l"&$A$64&"[l[1]+1]||[]);return l"&$A$66&"[l[2]]?` ${l"&$A$66&"[l[2]]}%`:(!l"&$A$65&"[l[2]]?'':` ${l"&$A$65&"[l[2]]}px`);};" -> const h16=l=>{let l0=k11(['2',l[0]]);let l1=k9(l0[l[1]]||[]);let l2=k9(l0[l[1]+1]||[]);return l2[l[2]]?` ${l2[l[2]]}%`:(!l1[l[2]]?'':` ${l1[l[2]]}px`);};
A40: 17 | B40: ="const h"&$A$40&"=l=>{let l"&$A$65&"=k"&$A$16&"(['3',l[0]]);let l"&$A$66&"=l"&$A$65&"[l[1]+"&COLUMN('3'!$I:$I)-COLUMN('3'!$B:$B)&"]?`rgba(${l"&$A$65&"[l[1]+"&COLUMN('3'!$I:$I)-COLUMN('3'!$B:$B)&"]})`:'';let l"&$A$67&"=l"&$A$65&"[l[1]+"&COLUMN('3'!$P:$P)-COLUMN('3'!$B:$B)&"]?`#${l"&$A$65&"[l[1]+"&COLUMN('3'!$P:$P)-COLUMN('3'!$B:$B)&"]}`:'';return l"&$A$67&"||l"&$A$66&"||l"&$A$65&"[l[1]]||'White';};" -> const h17=l=>{let l1=k11(['3',l[0]]);let l2=l1[l[1]+7]?`rgba(${l1[l[1]+7]})`:'';let l3=l1[l[1]+14]?`#${l1[l[1]+14]}`:'';return l3||l2||l1[l[1]]||'White';};
A41: 18 | B41: ="const h"&$A$41&"=l=>{let l"&$A$64&"=Number();for(let i=2;i<l.length;i++){let l"&$A$65&"=k"&$A$16&"([l[0],l[i]]);for(let i0=0;i0<10;i0++){let l"&$A$66&"=i0*100;l"&$A$64&"+=l"&$A$65&"[l"&$A$66&"+l[1]]==null?0:1;}}return l"&$A$64&";};" -> const h18=l=>{let l0=Number();for(let i=2;i<l.length;i++){let l1=k11([l[0],l[i]]);for(let i0=0;i0<10;i0++){let l2=i0*100;l0+=l1[l2+l[1]]==null?0:1;}}return l0;};
A42: 19 | B42: ="const h"&$A$42&"=['body>div',...Array.from({length:100},(_,_0)=>`l${k"&$A$12&"(_0)}`),...Array.from({length:100},(_,_0)=>"&"`k${k"&$A$12&"(_0)}`),...Array.from({length:100},(_,_0)=>`t${k"&$A$12&"(_0)}`),...Array.from({length:1000},(_,_0)=>`t${k"&$A$13&"(_0)}`)];" -> const h19=['body>div',...Array.from({length:100},(_,_0)=>`l${k7(_0)}`),...Array.from({length:100},(_,_0)=>`k${k7(_0)}`),...Array.from({length:100},(_,_0)=>`t${k7(_0)}`),...Array.from({length:1000},(_,_0)=>`t${k8(_0)}`)]; | E42: =""
A43: 20 | B43: ="const h"&A43&"=['hue','color','screen','lighten','darken','overlay','multiply','saturation','luminosity','color dodge','color burn','hard light','soft light','difference','exclusion'];" -> const h20=['hue','color','screen','lighten','darken','overlay','multiply','saturation','luminosity','color dodge','color burn','hard light','soft light','difference','exclusion'];
A44: 21 | B44: ="const h"&$A$44&"=l=>{let l"&$A$64&"=l[0]>="&ROW('3'!$305:$305)-4&"?'Gray':'Black';let l"&$A$65&"=k"&$A$16&"(['3',l[0]]);let l"&$A$66&"=l"&$A$65&"[l[1]+"&COLUMN('3'!$I:$I)-COLUMN('3'!$B:$B)&"]?`rgba(${l"&$A$65&"[l[1]+"&COLUMN('3'!$I:$I)-COLUMN('3'!$B:$B)&"]})`:'';let l"&$A$67&"=l"&$A$65&"[l[1]+"&COLUMN('3'!$P:$P)-COLUMN('3'!$B:$B)&"]?`#${l"&$A$65&"[l[1]+"&COLUMN('3'!$P:$P)-COLUMN('3'!$B:$B)&"]}`:'';return l"&$A$67&"||l"&$A$66&"||l"&$A$65&"[l[1]]||l"&$A$64&";};" -> const h21=l=>{let l0=l[0]>=301?'Gray':'Black';let l1=k11(['3',l[0]]);let l2=l1[l[1]+7]?`rgba(${l1[l[1]+7]})`:'';let l3=l1[l[1]+14]?`#${l1[l[1]+14]}`:'';return l3||l2||l1[l[1]]||l0;};
A45: 22 | B45: ="const h"&$A$45&"=l=>{let l"&$A$64&"=h"&$A$28&"(['2',l,"&COLUMN('2'!$G:$G)-2&","&COLUMN('2'!$J:$J)-COLUMN('2'!$G:$G)&"]);let l"&$A$65&"=h"&$A$28&"(['2',l,"&COLUMN('2'!$L:$L)-2&","&COLUMN('2'!$O:$O)-COLUMN('2'!$L:$L)&"]);let l"&$A$66&"=k"&$A$17&"(['2',l,"&COLUMN('2'!$K:$K)-2&"]);let l"&$A$67&"=k"&$A$17&"(['2',l,"&COLUMN('2'!$P:$P)-2&"]);return `${!l"&$A$64&"?'':`${h"&$A$33&"([l,"&COLUMN('2'!$I:$I)-2&"])}${h"&$A$37&"([l,"&COLUMN('2'!$G:$G)-2&"])} ${h"&$A$44&"([l,"&COLUMN('3'!$C:$C)-2&"])}${l"&$A$66&"=='true'?'':' inset'}`}${!l"&$A$65&"?'':`${!l"&$A$64&"?'':`,`}${h"&$A$33&"([l,"&COLUMN('2'!$N:$N)-2&"])}${h"&$A$37&"([l,"&COLUMN('2'!$L:$L)-2&"])} ${h"&$A$40&"([l,"&COLUMN('3'!$D:$D)-2&"])}${l"&$A$67&"=='true'?'':' inset'}`}`;};" -> const h22=l=>{let l0=h5(['2',l,5,3]);let l1=h5(['2',l,10,3]);let l2=k12(['2',l,9]);let l3=k12(['2',l,14]);return `${!l0?'':`${h10([l,7])}${h14([l,5])} ${h21([l,1])}${l2=='true'?'':' inset'}`}${!l1?'':`${!l0?'':`,`}${h10([l,12])}${h14([l,10])} ${h17([l,2])}${l3=='true'?'':' inset'}`}`;};
A46: 23 | B46: ="const h"&$A$46&"={'0':{0:[2,1,0],1:[2,0,1],2:[1,2,0],3:[0,2,1],4:[1,0,2],5:[0,1,2]},'1':{0:[0,0,0],1:[0,0,1],2:[0,0,2],3:[0,0,3],4:[0,1,0],5:[0,1,1],6:[0,1,2],7:[0,1,3],8:[0,2,0],9:[0,2,1],10:[0,2,2],11:[0,2,3],12:[0,3,0],13:[0,3,1],14:[0,3,2],15:[0,3,3]"&",16:[1,0,0],17:[1,0,1],18:[1,0,2],19:[1,0,3],20:[1,1,0],21:[1,1,1],22:[1,1,2],23:[1,1,3],24:[1,2,0],25:[1,2,1],26:[1,2,2],27:[1,2,3],28:[1,3,0],29:[1,3,1],30:[1,3,2],31:[1,3,3]"&",32:[2,0,0],33:[2,0,1],34:[2,0,2],35:[2,0,3],36:[2,1,0],37:[2,1,1],38:[2,1,2],39:[2,1,3],40:[2,2,0],41:[2,2,1],42:[2,2,2],43:[2,2,3],44:[2,3,0],45:[2,3,1],46:[2,3,2],47:[2,3,3]"&",48:[3,0,0],49:[3,0,1],50:[3,0,2],51:[3,0,3],52:[3,1,0],53:[3,1,1],54:[3,1,2],55:[3,1,3],56:[3,2,0],57:[3,2,1],58:[3,2,2],59:[3,2,3],60:[3,3,0],61:[3,3,1],62:[3,3,2],63:[3,3,3]},"&"2:{0:[0,10],1:[0,11],'2':[0,12],3:[0,13],4:[0,14],5:[0,15],6:[0,16],7:[0,17],8:[0,18],"&"9:[1,10],10:[1,11],11:[1,12],12:[1,13],13:[1,14],14:[1,15],15:[1,16],16:[1,17],17:[1,18],"&"18:[2,10],19:[2,11],20:[2,12],21:[2,13],22:[2,14],23:[2,15],24:[2,16],25:[2,17],26:[2,18],"&"27:[3,10],28:[3,11],29:[3,12],30:[3,13],31:[3,14],32:[3,15],33:[3,16],34:[3,17],35:[3,18],"&"36:[4,10],37:[4,11],38:[4,12],39:[4,13],40:[4,14],41:[4,15],42:[4,16],43:[4,17],44:[4,18],"&"45:[5,10],46:[5,11],47:[5,12],48:[5,13],49:[5,14],50:[5,15],51:[5,16],52:[5,17],53:[5,18],"&"54:[6,10],55:[6,11],56:[6,12],57:[6,13],58:[6,14],59:[6,15],60:[6,16],61:[6,17],62:[6,18],"&"63:[7,10],64:[7,11],65:[7,12],66:[7,13],67:[7,14],68:[7,15],69:[7,16],70:[7,17],71:[7,18],"&"72:[8,10],73:[8,11],74:[8,12],75:[8,13],76:[8,14],77:[8,15],78:[8,16],79:[8,17],80:[8,18],"&"81:[9,10],82:[9,11],83:[9,12],84:[9,13],85:[9,14],86:[9,15],87:[9,16],88:[9,17],89:[9,18]}"&",'3':['cover','contain','200% auto','250% auto','300% auto','350% auto','auto 200%','auto 250%','auto 300%','auto 350%','top','top left','top right','center','center left','center right','bottom','bottom left','bottom right',"&"'background-size','background-position']"&",'0-0':{both:'overflow:hidden','axis x':'overflow-x:hidden','axis y':'overflow-y:hidden'},'1-0':['start','ends','center']"&",'1-1':{auto:'auto',start:'flex-start',ends:'flex-end',center:'center',stretch:'stretch'}"&",'2-2':{top:'top',left:'left',right:'right',bottom:'bottom',center:'center','angle nw':'left top','angle sw':'left bottom','angle ne':'right top','angle se':'right bottom'},"&"'2-3':{start:'flex-start',ends:'flex-end',center:'center',stretch:'stretch',evenly:'space-evenly',around:'space-around',between:'space-between'},"&"'2-4':{start:'flex-start',ends:'flex-end',center:'center',stretch:'stretch',evenly:'stretch',around:'stretch',between:'stretch'},"&"'3-1':{none:'display:none',hidden:'visibility:hidden',visible:'visibility:visible'},"&"'3-2':{top:'top',left:'left',right:'right',bottom:'bottom',center:'center','angle nw':'left top','angle sw':'left bottom','angle ne':'right top','angle se':'right bottom'},"&"'4-0':{top:'top',left:'left',right:'right',bottom:'bottom',center:'center','angle nw':'left top','angle sw':'left bottom','angle ne':'right top','angle se':'right bottom'},"&"'5-0':{over:'overline',under:'underline',both:'underline overline'}};" -> const h23={'0':{0:[2,1,0],1:[2,0,1],2:[1,2,0],3:[0,2,1],4:[1,0,2],5:[0,1,2]},'1':{0:[0,0,0],1:[0,0,1],2:[0,0,2],3:[0,0,3],4:[0,1,0],5:[0,1,1],6:[0,1,2],7:[0,1,3],8:[0,2,0],9:[0,2,1],10:[0,2,2],11:[0,2,3],12:[0,3,0],13:[0,3,1],14:[0,3,2],15:[0,3,3],16:[1,0,0],17:[1,0,1],18:[1,0,2],19:[1,0,3],20:[1,1,0],21:[1,1,1],22:[1,1,2],23:[1,1,3],24:[1,2,0],25:[1,2,1],26:[1,2,2],27:[1,2,3],28:[1,3,0],29:[1,3,1],30:[1,3,2],31:[1,3,3],32:[2,0,0],33:[2,0,1],34:[2,0,2],35:[2,0,3],36:[2,1,0],37:[2,1,1],38:[2,1,2],39:[2,1,3],40:[2,2,0],41:[2,2,1],42:[2,2,2],43:[2,2,3],44:[2,3,0],45:[2,3,1],46:[2,3,2],47:[2,3,3],48:[3,0,0],49:[3,0,1],50:[3,0,2],51:[3,0,3],52:[3,1,0],53:[3,1,1],54:[3,1,2],55:[3,1,3],56:[3,2,0],57:[3,2,1],58:[3,2,2],59:[3,2,3],60:[3,3,0],61:[3,3,1],62:[3,3,2],63:[3,3,3]},2:{0:[0,10],1:[0,11],'2':[0,12],3:[0,13],4:[0,14],5:[0,15],6:[0,16],7:[0,17],8:[0,18],9:[1,10],10:[1,11],11:[1,12],12:[1,13],13:[1,14],14:[1,15],15:[1,16],16:[1,17],17:[1,18],18:[2,10],19:[2,11],20:[2,12],21:[2,13],22:[2,14],23:[2,15],24:[2,16],25:[2,17],26:[2,18],27:[3,10],28:[3,11],29:[3,12],30:[3,13],31:[3,14],32:[3,15],33:[3,16],34:[3,17],35:[3,18],36:[4,10],37:[4,11],38:[4,12],39:[4,13],40:[4,14],41:[4,15],42:[4,16],43:[4,17],44:[4,18],45:[5,10],46:[5,11],47:[5,12],48:[5,13],49:[5,14],50:[5,15],51:[5,16],52:[5,17],53:[5,18],54:[6,10],55:[6,11],56:[6,12],57:[6,13],58:[6,14],59:[6,15],60:[6,16],61:[6,17],62:[6,18],63:[7,10],64:[7,11],65:[7,12],66:[7,13],67:[7,14],68:[7,15],69:[7,16],70:[7,17],71:[7,18],72:[8,10],73:[8,11],74:[8,12],75:[8,13],76:[8,14],77:[8,15],78:[8,16],79:[8,17],80:[8,18],81:[9,10],82:[9,11],83:[9,12],84:[9,13],85:[9,14],86:[9,15],87:[9,16],88:[9,17],89:[9,18]},'3':['cover','contain','200% auto','250% auto','300% auto','350% auto','auto 200%','auto 250%','auto 300%','auto 350%','top','top left','top right','center','center left','center right','bottom','bottom left','bottom right','background-size','background-position'],'0-0':{both:'overflow:hidden','axis x':'overflow-x:hidden','axis y':'overflow-y:hidden'},'1-0':['start','ends','center'],'1-1':{auto:'auto',start:'flex-start',ends:'flex-end',center:'center',stretch:'stretch'},'2-2':{top:'top',left:'left',right:'right',bottom:'bottom',center:'center','angle nw':'left top','angle sw':'left bottom','angle ne':'right top','angle se':'right bottom'},'2-3':{start:'flex-start',ends:'flex-end',center:'center',stretch:'stretch',evenly:'space-evenly',around:'space-around',between:'space-between'},'2-4':{start:'flex-start',ends:'flex-end',center:'center',stretch:'stretch',evenly:'stretch',around:'stretch',between:'stretch'},'3-1':{none:'display:none',hidden:'visibility:hidden',visible:'visibility:visible'},'3-2':{top:'top',left:'left',right:'right',bottom:'bottom',center:'center','angle nw':'left top','angle sw':'left bottom','angle ne':'right top','angle se':'right bottom'},'4-0':{top:'top',left:'left',right:'right',bottom:'bottom',center:'center','angle nw':'left top','angle sw':'left bottom','angle ne':'right top','angle se':'right bottom'},'5-0':{over:'overline',under:'underline',both:'underline overline'}};
B47: =""
A48: 24 | B48: =$B$2&$B$3&$B$4&$B$5&$B$6&$B$7&$B$8&$B$9&$B$10&$B$11&$B$12&$B$13&$B$14&$B$15&$B$16&$B$17&$B$18&$B$19&$B$20&$B$21 -> export default l=>{const h=['','','',''];const k=l[1]||Object();const k0=_=>Math.max(_,0);const k1=_=>Math.abs(_/1);const k2=_=>Math.round(_/1);const k3=_=>Math.round(_/100);const k4=_=>Math.round(_*10)/10;const k5=_=>Math.round(_*100)/100;const k6=_=>Math.round(_*1000)/1000;const k7=_=>`${_}`?.padStart(2,'0');const k8=_=>`${_}`?.padStart(3,'0');const k9=_=>_.toString().split(',');const k10=_=>k[_[0]]&&k[_[0]][_[1]];const k11=_=>k[_[0]]&&k[_[0]][_[1]]||'';const k12=_=>k11([_[0],_[1]])[_[2]]||'';const k13=_=>k11([_[0],_[2]])[_[1]]||'';const k14=_=>k11([_[0],_[2]])[_[1]]==null?0:1;const k15=_=>k14(_)?k11([_[0],_[2]])[_[1]]:_[3];const k16=_=>_.match(/.{2}/g).map(_=>parseInt(_,16));
A49: 25 | B49: =$B$23&$B$24&$B$25&$B$26&$B$27&$B$28&$B$29&$B$30&$B$31&$B$32&$B$33&$B$34&$B$35&$B$36&$B$37&$B$38&$B$39&$B$40&$B$41&$B$43&$B$44&$B$45&$B$46&$B$42 -> const h0=l=>{let l0=k13(l);let l1=k9(l0);let l2=[l1[0]||'',l1[1]||''];return l2;};const h1=l=>{let l0=k9(l[0]);let l1=l0.map(_=>`${_}${l[1]}`);let l2=l1.join(' ');return l2;};const h2=l=>{let l0=k13(l);let l1=k9(l0);let l2=Number(l1[0]||0)+Number(l1[1]||0);return l2;};const h3=l=>{let l0=k13(l);let l1=k9(l0);let l2=[Number(l1[0]||0),Number(l1[1]||0)];return l2;};const h4=l=>{let l0=Number();for(let i=1;i<l.length;i++){l0+=!k11([l[0],l[i]])?0:1;}return l0;};const h5=l=>{let l0=Number();let l1=k11(l);for(let i=0;i<l[3]+1;i++){l0+=l1[l[2]+i]==null?0:1;}return l0;};const h6=l=>{let l0=Number();let l1=k11(l);for(let i=2;i<l.length;i++){l0+=l1[l[i]]==null?0:1;}return l0;};const h7=l=>{let l0=((l||0)-50)*Math.PI/50;let l1=Math.cos(l0);let l2=Math.sin(l0);let l3=[l1,l2];return l3;};const h8=l=>{let l0=Number();for(let i=2;i<l.length;i++){let l1=k11([l[0],l[i]]);l0+=l1[l[1]]==null?0:1;}return l0;};const hh9=l=>{let l0=Number();let l1=l.slice(1);for(let i=0;i<100;i++){let l2=h7([l[0],i,...l1]);l0+=!l2?0:1;}return l0;};const h10=l=>{let l0=k11(['2',l[0]]);return l0[l[1]]==null&&l0[l[1]+1]==null?'0 0':`${l0[l[1]]||0}px ${l0[l[1]+1]||0}px`;};const h11=[0||55,56,57,74,75,76,93,94,95,112,113,114,131,132,133,150,151,152,169,170,171,188,189,190,207,208,209,226,227,228];const h12=`feColorMatrix type='matrix' values='0.33 0.33 0.33 0 0 0.33 0.33 0.33 0 0 0.33 0.33 0.33 0 0 0 0 0 1 0'></feColorMatrix`;const h13=l=>{let l0=l[1]>=1&&l[1]<=300?['White','255,255,255,1','FFFFFF']:['Transparent','255,255,255,0','FFFFFF00'];return l0[l[0]];};const h14=l=>{let l0=k11(['2',l[0]]);return l0[l[1]]==null&&l0[l[1]+1]==null?'':` ${l0[l[1]]||'0'}px${l0[l[1]+1]==null?'':` ${l0[l[1]+1]}px`}`;};const h15=l=>{let l0=Array();if(k[l[0]]!=null){let l1=Object.keys(k[l[0]]);let l2=l1.filter(_=>_>=l[1]&&_<=l[2]);l0=l2.map(_=>Number(_));}return l0;};const h16=l=>{let l0=k11(['2',l[0]]);let l1=k9(l0[l[1]]||[]);let l2=k9(l0[l[1]+1]||[]);return l2[l[2]]?` ${l2[l[2]]}%`:(!l1[l[2]]?'':` ${l1[l[2]]}px`);};const h17=l=>{let l1=k11(['3',l[0]]);let l2=l1[l[1]+7]?`rgba(${l1[l[1]+7]})`:'';let l3=l1[l[1]+14]?`#${l1[l[1]+14]}`:'';return l3||l2||l1[l[1]]||'White';};const h18=l=>{let l0=Number();for(let i=2;i<l.length;i++){let l1=k11([l[0],l[i]]);for(let i0=0;i0<10;i0++){let l2=i0*100;l0+=l1[l2+l[1]]==null?0:1;}}return l0;};const h20=['hue','color','screen','lighten','darken','overlay','multiply','saturation','luminosity','color dodge','color burn','hard light','soft light','difference','exclusion'];const h21=l=>{let l0=l[0]>=301?'Gray':'Black';let l1=k11(['3',l[0]]);let l2=l1[l[1]+7]?`rgba(${l1[l[1]+7]})`:'';let l3=l1[l[1]+14]?`#${l1[l[1]+14]}`:'';return l3||l2||l1[l[1]]||l0;};const h22=l=>{let l0=h5(['2',l,5,3]);let l1=h5(['2',l,10,3]);let l2=k12(['2',l,9]);let l3=k12(['2',l,14]);return `${!l0?'':`${h10([l,7])}${h14([l,5])} ${h21([l,1])}${l2=='true'?'':' inset'}`}${!l1?'':`${!l0?'':`,`}${h10([l,12])}${h14([l,10])} ${h17([l,2])}${l3=='true'?'':' inset'}`}`;};const h23={'0':{0:[2,1,0],1:[2,0,1],2:[1,2,0],3:[0,2,1],4:[1,0,2],5:[0,1,2]},'1':{0:[0,0,0],1:[0,0,1],2:[0,0,2],3:[0,0,3],4:[0,1,0],5:[0,1,1],6:[0,1,2],7:[0,1,3],8:[0,2,0],9:[0,2,1],10:[0,2,2],11:[0,2,3],12:[0,3,0],13:[0,3,1],14:[0,3,2],15:[0,3,3],16:[1,0,0],17:[1,0,1],18:[1,0,2],19:[1,0,3],20:[1,1,0],21:[1,1,1],22:[1,1,2],23:[1,1,3],24:[1,2,0],25:[1,2,1],26:[1,2,2],27:[1,2,3],28:[1,3,0],29:[1,3,1],30:[1,3,2],31:[1,3,3],32:[2,0,0],33:[2,0,1],34:[2,0,2],35:[2,0,3],36:[2,1,0],37:[2,1,1],38:[2,1,2],39:[2,1,3],40:[2,2,0],41:[2,2,1],42:[2,2,2],43:[2,2,3],44:[2,3,0],45:[2,3,1],46:[2,3,2],47:[2,3,3],48:[3,0,0],49:[3,0,1],50:[3,0,2],51:[3,0,3],52:[3,1,0],53:[3,1,1],54:[3,1,2],55:[3,1,3],56:[3,2,0],57:[3,2,1],58:[3,2,2],59:[3,2,3],60:[3,3,0],61:[3,3,1],62:[3,3,2],63:[3,3,3]},2:{0:[0,10],1:[0,11],'2':[0,12],3:[0,13],4:[0,14],5:[0,15],6:[0,16],7:[0,17],8:[0,18],9:[1,10],10:[1,11],11:[1,12],12:[1,13],13:[1,14],14:[1,15],15:[1,16],16:[1,17],17:[1,18],18:[2,10],19:[2,11],20:[2,12],21:[2,13],22:[2,14],23:[2,15],24:[2,16],25:[2,17],26:[2,18],27:[3,10],28:[3,11],29:[3,12],30:[3,13],31:[3,14],32:[3,15],33:[3,16],34:[3,17],35:[3,18],36:[4,10],37:[4,11],38:[4,12],39:[4,13],40:[4,14],41:[4,15],42:[4,16],43:[4,17],44:[4,18],45:[5,10],46:[5,11],47:[5,12],48:[5,13],49:[5,14],50:[5,15],51:[5,16],52:[5,17],53:[5,18],54:[6,10],55:[6,11],56:[6,12],57:[6,13],58:[6,14],59:[6,15],60:[6,16],61:[6,17],62:[6,18],63:[7,10],64:[7,11],65:[7,12],66:[7,13],67:[7,14],68:[7,15],69:[7,16],70:[7,17],71:[7,18],72:[8,10],73:[8,11],74:[8,12],75:[8,13],76:[8,14],77:[8,15],78:[8,16],79:[8,17],80:[8,18],81:[9,10],82:[9,11],83:[9,12],84:[9,13],85:[9,14],86:[9,15],87:[9,16],88:[9,17],89:[9,18]},'3':['cover','contain','200% auto','250% auto','300% auto','350% auto','auto 200%','auto 250%','auto 300%','auto 350%','top','top left','top right','center','center left','center right','bottom','bottom left','bottom right','background-size','background-position'],'0-0':{both:'overflow:hidden','axis x':'overflow-x:hidden','axis y':'overflow-y:hidden'},'1-0':['start','ends','center'],'1-1':{auto:'auto',start:'flex-start',ends:'flex-end',center:'center',stretch:'stretch'},'2-2':{top:'top',left:'left',right:'right',bottom:'bottom',center:'center','angle nw':'left top','angle sw':'left bottom','angle ne':'right top','angle se':'right bottom'},'2-3':{start:'flex-start',ends:'flex-end',center:'center',stretch:'stretch',evenly:'space-evenly',around:'space-around',between:'space-between'},'2-4':{start:'flex-start',ends:'flex-end',center:'center',stretch:'stretch',evenly:'stretch',around:'stretch',between:'stretch'},'3-1':{none:'display:none',hidden:'visibility:hidden',visible:'visibility:visible'},'3-2':{top:'top',left:'left',right:'right',bottom:'bottom',center:'center','angle nw':'left top','angle sw':'left bottom','angle ne':'right top','angle se':'right bottom'},'4-0':{top:'top',left:'left',right:'right',bottom:'bottom',center:'center','angle nw':'left top','angle sw':'left bottom','angle ne':'right top','angle se':'right bottom'},'5-0':{over:'overline',under:'underline',both:'underline overline'}};const h19=['body>div',...Array.from({length:100},(_,_0)=>`l${k7(_0)}`),...Array.from({length:100},(_,_0)=>`k${k7(_0)}`),...Array.from({length:100},(_,_0)=>`t${k7(_0)}`),...Array.from({length:1000},(_,_0)=>`t${k8(_0)}`)];
A50: 26 | B50: =$B$64&$B$65&$B$66&$B$67&$B$68&$B$69&$B$70&$B$71&$B$72&$B$73&$B$74&$B$75&$B$76&$B$77&$B$78&$B$79&$B$80&$B$81 -> const h24=l=>{let l0=h23['1-0'];let l1=l0.indexOf(l[1]);let l2=_=>_.includes(l1);let l3=l2([0,2])?'auto':'';let l4=l2([1,2])?'auto':'';let l5='margin-bottom';let l6='margin-right';let l7='margin-left';let l8='margin-top';let l9=[l7,l8][l[0]];let l10=[l6,l5][l[0]];let l11=`${l10}:${l3}`;let l12=`${l9}:${l4}`;let l13=`${!l4?'':`${l12};`}${!l3?'':`${l11};`}`;return l13;};
A51: 27 | B51: =$B$83&$B$84&$B$85&$B$86&$B$87&$B$88&$B$89&$B$90&$B$91&$B$92&$B$93&$B$94&$B$95&$B$96&$B$97&$B$98&$B$99&$B$100&$B$101&$B$102&$B$103&$B$104&$B$105&$B$106&$B$107 -> const h25=l=>{let l0=Date.now();let l1=h19.slice(1);let l2=['0',145];let l3=k10(l2);let l4=h15(l);if (l3!=null){h[2]+=`@font-face{src:url('${l3}.otf?t=${l0}');font-family:body;font-display:swap;}`;}for(let i of l4){if(h5(['5',i,11,0])){let l5=k['5'][i][11];let l6='font-family';if (l5!=null){h[2]+=`@font-face{src:url('${l5}.otf?t=${l0}');${l6}:${l1[i]};font-display:swap;}`;}}}};
A52: 28 | B52: =$B$109&$B$110&$B$111&$B$112&$B$113&$B$114&$B$115&$B$116&$B$117&$B$118&$B$119&$B$120&$B$121&$B$122&$B$123&$B$124&$B$125&$B$126&$B$127&$B$128&$B$129&$B$130&$B$131&$B$132&$B$133&$B$134&$B$135&$B$136&$B$137 -> const h26=l=>{let l0=h15(l);let l1=h23['5-0'];for(let i of l0){if(h5(['5',i,0,10])){let l2=h0(['5',i,10]);let l3=_=>l4(_)==null;let l4=_=>k['5'][i][_];let l5='line-height';let l6='padding-top';let l7='padding-left';let l8='padding-right';let l9='padding-bottom';let l10='text-decoration';let l11='background-color';let l12=i==0?'':'#';h[2]+=`${l12}${h19[i]}>[data]{${l3(0)?'':`${l7}:${l4(0)}px;`}${l3(1)?'':`${l8}:${l4(1)}px;`}${l3(2)?'':`${l6}:${l4(2)}px;`}${l3(3)?'':`${l9}:${l4(3)||0}px;`}${!l2[1]?'':`${l5}:${l2[1]||0}px;`}${!l2[0]?'':`font-size:${l2[0]}px;`}${l3(9)?'':`font-weight:${l4(9)}00;`}${!l4(6)?'':`align-self:${l4(6)};`}${!l4(7)?'':`text-align:${l4(7)};`}${!l4(8)?'':`${l10}:${l1[l4(8)]};`}${!l4(5)?'':`${l11}:#${l4(5)};`}${!l4(4)?'':`color:#${l4(4)};`}}`;}}};
A53: 29 | B53: =$B$139&$B$140&$B$141&$B$142&$B$143&$B$144&$B$145&$B$146&$B$147&$B$148&$B$149&$B$150&$B$151&$B$152&$B$153&$B$154&$B$155&$B$156&$B$157&$B$158&$B$159&$B$160&$B$161&$B$162&$B$163&$B$164&$B$165&$B$166&$B$167&$B$168&$B$169&$B$170&$B$171&$B$172&$B$173 -> const h27=l=>{let l0=h15(l);let l1=h23['4-0'];for(let i of l0){if(h5(['4',i,0,10])){let l2=_=>l3(_)==null;let l3=_=>k['4'][i][_];let l4=_=>l3(_[0])||_[1];let l5=_=>h1([0||_,'px']);let l6=_=>h1([0||_,'%']);let l7=l4([5,'cover']);let l8='content-box';let l9='padding-top';let l10='padding-left';let l11='padding-right';let l12='padding-bottom';let l13='background-size';let l14='background-image';let l15='background-origin';let l16='background-position';let l17=i==0?'':'#';h[2]+=`${l17}${h19[i]}>[class]{${l2(0)?'':`${l10}:${l3(0)}px;`}${l2(1)?'':`${l11}:${l3(1)}px;`}${l2(2)?'':`${l9}:${l3(2)}px;`}${l2(3)?'':`${l12}:${l3(3)}px;`}${!l3(5)?'':`${l13}:${l7(5)||0};`}${!l3(6)?'':`${l16}:${l1[l3(6)]};`}${l2(7)?'':`${l16}:${l5(l3(7))};`}${l2(8)?'':`${l16}:${l6(l3(8))};`}${l2(9)?'':`${l13}:${l5(l3(9))};`}${l2(10)?'':`${l13}:${l6(l3(10))};`}${l3(4)!='true'?'':`${l15}:${l8};`}${!l3(11)?'':`${l14}:url('${l3(11)}.png?t=${Date.now()}');`}}`;}}};
A54: 30 | B54: =$B$175&$B$176&$B$177&$B$178&$B$179&$B$180&$B$181&$B$182&$B$183&$B$184&$B$185&$B$186&$B$187&$B$188&$B$189&$B$190&$B$191&$B$192&$B$193&$B$194&$B$195&$B$196&$B$197&$B198&$B199&$B200&$B$201&$B$202&$B$203&$B$204&$B$205&$B$206&$B$207&$B$208&$B$209&$B$210&$B$211&$B$212&$B$213&$B$214&$B$215&$B$216&$B$217&$B$218&$B$219&$B$220&$B$221&$B$222&$B$223&$B$224&$B$225&$B$226&$B$227&$B$228&$B$229&$B$230&$B$231&$B$232&$B$233&$B$234&$B$235&$B$236&$B$237&$B$238&$B$239&$B$240&$B$241&$B$242&$B$243&$B$244&$B$245&$B$246&$B$247&$B$248&$B$249&$B$250&$B$251&$B$252&$B$253&$B$254&$B$255&$B$256&$B$257&$B$258&$B$259 -> const h28=l=>{let l0=h15(l);let l1=h23['2-2'];let l2=h23['2-3'];let l3=h23['2-4'];for(let i of l0){if(h5(['2',i,0,36])||h5(['2',i,41,-20])){let l4=_=>l5(_)==null;let l5=_=>k['2'][i][_];let l6=_=>l4(_)?2:l5(_);let l7=_=>l5(_[0])||_[1];let l8=_=>h6(['2',i,..._]);let l9=_=>h5(['2',i,..._]);let l10=l7([22,'solid']);let l11=l7([21,'solid']);let l12=l6(0)+l6(1);let l13=l6(2)+l6(3);let l14=l9([31,1]);let l15=l9([33,1]);let l16=l9([10,3]);let l17=l9([5,3]);let l18=l5(33)||1;let l19=l5(31)||0;let l20=l5(32)||0;let l21='box-shadow';let l22='border-top';let l23='border-left';let l24='border-right';let l25='border-bottom';let l26='background-clip';let l27='background-size';let l28='transform-origin';let l29='background-origin';let l30='background-position';h[2]+=`${i==0?'':'#'}${h19[i]}{${!l17&&!l16?'':`${l21}:${h22(i)};`}${l4(15)?'':`${l23}-width:${l5(15)}px;`}${l4(16)?'':`${l24}-width:${l5(16)}px;`}${l4(17)?'':`${l22}-width:${l5(17)}px;`}${l4(18)?'':`${l25}-width:${l5(18)}px;`}${l4(15)?'':`${l23}-style:${l10}${''};`}${l4(16)?'':`${l24}-style:${l10}${''};`}${l4(17)?'':`${l22}-style:${l10}${''};`}${l4(18)?'':`${l25}-style:${l10}${''};`}${l4(19)?'':`outline-width:${l5(19)}px;`}${l4(20)||0?'':`outline-offset:${l5(20)}px;`}${!l5(22)&&l4(19)?'':`outline-style:${l11};`}${!l8([23,24])?'':`border-top-left-radius:${h16([i,23,0])}${''}${h16([i,23,1])};`}${!l8([25,26])?'':`${l22}-right-radius:${h16([i,25,0])}${''}${h16([i,25,1])};`}${!l8([27,28])?'':`${l25}-left-radius:${h16([i,27,0])}${''}${h16([i,27,1])};`}${!l8([29,30])?'':`${l25}-right-radius:${h16([i,29,0])}${''}${h16([i,29,1])};`}${l4(41)||0?'':`z-index:${l5(41)};`}${!l14?'':`translate:${l19}% ${l20}%;`}${!l15?'':`scale:${l18} ${l5(34)||1};`}${l4(35)||0?'':`rotate:${l5(35)}deg;`}${!l5(36)?'':`${l28}:${l1[l5(36)]};`}${!l5(4)?'':`${l26}:${l5(4)}-box;`}${!l5(4)?'':`${l29}:${l5(4)}-box;`}${!l8([0,2])?'':`${l30}:${''}${l6(0)}px ${l6(2)}px;`}${!l9([0,3])?'':`${l27}:calc(100% - ${l12}px) calc(100% - ${l13}px);`}}`;}if(h5(['2',i,37,3])){let l31=_=>l2[l33(_)];let l32=_=>l3[l33(_)];let l33=_=>k['2'][i][_];let l34=_=>l33(_)=='true';let l35='flex-wrap:nowrap';let l36='justify-content';let l37='flex-direction';let l38='align-content';let l39='align-items';let l40=i==0?'':'#';h[2]+=`${l40}${h19[i]}>nav{${!l33(37)?'':`${l36}:${l31(37)};`}${!l33(38)?'':`${l38}:${l31(38)};`}${!l33(38)?'':`${l39}:${l32(38)};`}${!l34(39)?'':`${l37}:column;`}${!l34(40)?'':`${l35};`}}`;}}};
A55: 31 | B55: =$B$261&$B$262&$B$263&$B$264&$B$265&$B$266&$B$267&$B$268&$B$269&$B$270&$B$271&$B$272&$B$273&$B$274&$B$275&$B$276&$B$277&$B$278&$B$279&$B$280&$B$281&$B$282&$B$283&$B$284&$B$285&$B$286&$B$287&$B$288&$B$289&$B$290&$B$291&$B$292&$B$293&$B$294&$B$295&$B$296&$B$297&$B$298&$B$299&$B$300&$B$301&$B$302&$B$303&$B$304&$B$305&$B$306&$B$307&$B$308&$B$309&$B$310&$B$311&$B$312&$B$313&$B$314&$B$315&$B$316&$B$317&$B$318&$B$319&$B$320&$B$321&$B$322&$B$323&$B$324&$B$325&$B$326&$B$327&$B$328&$B$329&$B$330&$B$331&$B$332&$B$333&$B$334&$B$335&$B$336&$B$337&$B$338&$B$339&$B$340&$B$341&$B$342&$B$343&$B$344&$B$345&$B$346&$B$347&$B$348&$B$349&$B$350&$B$351&$B$352&$B$353&$B$354&$B$355&$B$356&$B$357&$B$358&$B$359&$B$360&$B$361&$B$362&$B$363&$B$364&$B$365&$B$366&$B$367&$B$368&$B$369&$B$370&$B$371 -> const h29=l=>{let l0=h15(l);let l1={linear:'1%',radial:'49%'};let l2=h23['0-0'];let l3=h23['3-1'];let l4=h23['3-2'];for(let i of l0){if(h5(['3',i,0,38])){let l5=h13([0,i]);let l6=h13([1,i]);let l7=h3(['3',40,i]);let l8=h3(['3',39,i]);let l9=k12(['3',i,38]);let l10=k12(['2',i,20]);let l11=_=>k['3'][i][_];let l12=_=>l11(_)==null;let l13=_=>l11(_)=='true';let l14=_=>l11(_)=='circle';let l15=_=>l11(_)=='ellipse';let l16=_=>l11(_)=='conical';let l17=_=>l11(_)=='Transparent';let l18=`rgba(${l11(12)||l6})`;let l19=`rgba(${l11(13)||l6})`;let l20=_=>_.replace(' ','-');let l21=_=>`rgba(${l11(_)})`;let l22=_=>h5(['3',i,..._]);let l23=_=>h6(['3',i,..._]);let l24=_=>l17(_)&&l17(_+1);let l25=l15(37)||l14(37)?1:0;let l26=h20[l11(23)]||String();let l28=l11(16)?`#${l11(16)}`:'';let l29=l11(9)?`rgba(${l11(9)}`:'';let l30=`#${l11(19)||h13([2,i])}`;let l31=`#${l11(20)||h13([2,i])}`;let l32=['background','border'];let l33='background-blend-mode';let l34=!l22([27,1])?'0':'0px';let l35=l7[0]?` ${l7[0]}%`:'';let l36=l7[1]?` ${l7[1]}%`:'';let l37=`${l11(5)||l5}${l35}`;let l38=`${l11(6)||l5}${l36}`;let l39=l1[l9]?'-source':'';let l40=l14(37)?'circle':'';let l41=!l11(37)?'to':'at';let l42=`${l32[0]}-image`;let l43='mix-blend-mode';let l44='border-image';let l45='drop-shadow';let l46=`${l18}${l35}`;let l47=`${l19}${l36}`;let l48=`${l30}${l35}`;let l49=`${l31}${l36}`;let l50=l11(31)/100;let l51=l11(32)/100;let l52=l11(30)/100;let l53=l11(29)/100;let l54=l11(34)/100;let l55=l11(33)/100;let l56=l29||l11(2);let l57=l2[l11(21)];let l58=l3[l11(22)];let l59=l1[l9]?1:0;let l60=l32[l59||0];let l61='isolation';let l62=`${l60||0}-image${l39}:${l16(37)?'conic':`${l25?'radial':'linear'}`}-gradient(${!l14(37)?'':`${l40}${!l11(36)?',':' '}`}${!l11(36)?'':`${l41} ${l4[l11(36)]},`}`;let l63=i==0?'':'#';h[2]+=`${l63}${h19[i]}{${!l11(21)?'':`${l57};`}${!l11(22)?'':`${l58};`}${!l11(23)?'':`${l43}:${l26};`}${!l11(23)?'':`${l33}:${l26};`}${!l13(24)?'':`${l61}:isolate;`}${!l22([26,9])?'':`${!l13(25)?'':'backdrop-'}filter:${!l22([26,2])?'':`${l45}(${l12(27)?l34:`${l11(27)}px`} ${l12(28)||0?l34:`${''}${l11(28)}px`} ${l11(26)||0}px ${l28||l56||'Black'})`}${l12(29)?'':` brightness(${k5(1+l53)})`}${l12(30)?'':` opacity(${k5(1-l52)})`}${l12(31)?'':` sepia(${k5(l50||0)})`}${l12(32)?'':` grayscale(${k5(l51)})`}${l12(33)?'':` saturate(${k5(1+l55)})`}${l12(34)||0?'':` contrast(${k5(1+l54)})`}${l12(35)?'':` hue-rotate(${l11(35)}deg)`};`}${!l11(3)||0?'':`border-color:${l11(3)};`}${!l11(10)?'':`border-color:${l21(10)};`}${!l11(17)?'':`border-color:#${l11(17)};`}${!l11(4)||0?'':`outline-color:${l11(4)};`}${!l11(11)?'':`outline-color:${l21(11)};`}${!l11(18)?'':`outline-color:#${l11(18)};`}${!l11(0)||0?'':`background-color:${l11(0)};`}${!l11(7)||0?'':`background-color:${l21(7)};`}${!l11(14)?'':`background-color:#${l11(14)};`}${!l9||0?'':`border-image-slice:${l1[l9]};`}${!l9||l10<0||0?'':`${l44}-outset:${l10||0}px;`}${!l17(5)||!l17(6)?'':`${l60}-image${l39}:none;`}${!l17(12)||!l17(13)?'':`${l60}-image${l39}:none;`}${!l17(19)||!l17(20)?'':`${l60}-image${l39}:none;`}${l24(5)||!l23([5,6])||0?'':`${l62}${l37},${l38});`}${l24(12)||!l23([12,13])?'':`${l62}${l46},${l47});`}${l24(19)||!l23([19,20])?'':`${l62}${l48},${l49});`}${!l11(39)?'':`${l44}-width:${l8[0]}px ${l8[1]}px;`}${!l23([5,6,12,13,19,20])||!l9?'':`${l42}:none;`}}`;}}};
A56: 32 | B56: =$B$374&$B$375&$B$376&$B$377&$B$378&$B$379&$B$380&$B$381&$B$382&$B$383&$B$384&$B$385&$B$386&$B$387&$B$388&$B$389&$B$390&$B$391&$B$392&$B$393&$B$394&$B$395&$B$396&$B$397&$B$398&$B$399&$B$400&$B$401&$B$402&$B$403&$B$404&$B$405&$B$406&$B$407&$B$408&$B$409&$B$410&$B$411&$B$412&$B$413&$B$414&$B$415&$B$416&$B$417&$B$418&$B$419&$B$420&$B$421&$B$422&$B$423&$B$424&$B$425&$B$426&$B$427&$B$428&$B$429&$B$430&$B$431&$B$432&$B$433&$B$434&$B$435&$B$436&$B$437&$B$438&$B$439&$B$440&$B$441&$B$442&$B$443&$B$444&$B$445&$B$446&$B$447&$B$448&$B$449&$B$450&$B$451&$B$452&$B$453&$B$454&$B$455&$B$456&$B$457&$B$458&$B$459&$B$460&$B$461&$B$462&$B$463&$B$464&$B$465&$B$466&$B$467&$B$468&$B$469&$B$470&$B$471&$B$472&$B$473&$B$474&$B$475&$B$476&$B$477&$B$478&$B$479&$B$480&$B$481&$B$482&$B$483&$B$484&$B$485&$B$486&$B$487&$B$488&$B$489&$B$490&$B$491&$B$492&$B$493&$B$494&$B$495&$B$496&$B$497&$B$498&$B$499&$B$500&$B$501&$B$502&$B$503&$B$504 -> if(l[0]>=0){let l0=Object();let l1=[0,19,37];let l2=[0||17,35,53];let l3=_=>['5',..._];let l4=_=>k12(l3(_));for(let i=0;i<3;i++){let l5=l1[i||0];let l6=l2[i||0];let l7=[l5,l5+1];let l8=[...l7,l5+2];let l9=i==0? l7: l8;if(h4(['1',...l9])){for(let i0=0;i0<100;i0++){if(h18(['1',i0,...l9])){let l10=k13(['1',i0,l6]);let l11=`${l10||'k'}-${i}`;l0[l11]??=new Array();l0[l11].push(i0);}}}}for(let i=0;i<10;i++){let l12=i*100;let l13=i*19+55;let l14=l13+17||0;let l15=[l13,l13+1];let l16=[...l15,l13+2];if(h4(['1',...l16])){for(let i0=0;i0<100;i0++){if(h18(['1',i0,...l16])){let l17=k13(['1',i0,l14]);let l18=`${l17||'k'}-3`;l0[l18]??=new Array();l0[l18].push(i0+l12);}}}}const h30=_=>{let l19=[_+0,12];let l20=l4(l19)||'';let l21=`l${k7(_)}`;let l22=`<div id='${l21}' class='l00'><div class='_'></div><div data='_'>${l20}</div>${h35(l21)}${h34(l21)}<var>${l[0]?`A${l21.slice(1)}`:''}</var></div>`;return l22;};const h31=_=>{let l23=[_+100,12];let l24=l4(l23)||'';let l25=`k${k7(_)}`;let l26=`<div><div id='${l25}' class='k00'><div class='_'></div><div data='_'>${l24}</div>${h35(l25)}${h34(l25)}<var>${l[0]?`B${l25.slice(1)}`:''}</var></div></div>${''}`;return l26;};const h32=_=>{let l27=[_+200,12];let l28=l4(l27)||'';let l29=`t${k7(_)}`;let l30=`<div><div id='${l29}' class='t00'><div class='_'></div><div data='_'>${l28}</div>${h35(l29)}${h34(l29)}<var>${l[0]?`C${l29.slice(1)}`:''}</var></div></div>${''}`;return l30;};const h33=_=>{let l31=[_+300,12];let l32=l4(l31)||'';let l33=`t${k8(_)}`;let l34=`<div id='${l33}' class='t000'><div class='_'></div><div data='_'>${l32}</div>${h35(l33)}${h34(l33)}<var>${l[0]?`D${l33.slice(1)}`:''}</var></div>`;return l34;};const h34=_=>{let l35=`${_}-0`;let l36=`${_}-3`;let l37=l0[l35];let l38=l0[l36];let l39=String();if(l38||l37){l39+='<nav>';if(l38!=null){for(let i of l38){l39+=h33(i);}}if(l37!=null){for(let i of l37){l39+=h30(i);}}l39+='</nav>';}return l39;};const h35=_=>{let l40=_=='k';let l41=`${_}-2`;let l42=`${_}-1`;let l43=l0[l41];let l44=l0[l42];let l45=String();if(l43||l44||l40){l45+=`<div>`;if(l43!=null){for(let i of l43){l45+=h32(i);}}if(l40==true){l45+=`</div><div>`;}if(l44!=null){for(let i of l44){l45+=h31(i);}}l45+='</div>';}return l45;};if(h4(['1',0,1,2])||h4(['1',19,20])||h4(['1',37,38])||h4(['1',...h11])){h[1]+=`${h35('k')}${h34('k')}`;}}
A57: 33 | B57: =$B$507&$B$508&$B$509&$B$510&$B$511&$B$512&$B$513&$B$514&$B$515&$B$516&$B$517&$B$518&$B$519&$B$520&$B$521&$B$522&$B$523&$B$524&$B$525&$B$526&$B$527&$B$528&$B$529&$B$530&$B$531&$B$532&$B$533&$B$534&$B$535&$B$536&$B$537&$B$538&$B$539&$B$540&$B$541&$B$542&$B$543&$B$544&$B$545&$B$546&$B$547&$B$548&$B$549&$B$550&$B$551&$B$552&$B$553&$B$554&$B$555&$B$556&$B$557&$B$558&$B$559&$B$560&$B$561&$B$562&$B$563&$B$564&$B$565&$B$566&$B$567&$B$568&$B$569&$B$570&$B$571&$B$572&$B$573&$B$574&$B$575&$B$576&$B$577&$B$578&$B$579&$B$580&$B$581&$B$582&$B$583&$B$584&$B$585&$B$586&$B$587&$B$588&$B$589&$B$590&$B$591&$B$592&$B$593&$B$594&$B$595&$B$596&$B$597&$B$598&$B$599&$B$600&$B$601&$B$602 -> if(l[0]>=0){let l0=[0,1299];h25(['5',...l0]);h28(['2',0,0]);h29(['3',0,0]);let l1=Date.now();let l2=h23['1-1'];let l3=k10(['0',14]);let l4=k10(['0',144]);let l5=l3||100||Number();if(h4(['1',0,1,2])){let l6=hh9(['1',0,1,2]);for(let i=0;i<100;i++){if(h8(['1',i,0,1,2])){let l7=_=>h8(['1',i,..._]);let l8=_=>k15(['1',i,..._]);let l9=_=>k14(['1',i,_]);let l11=_=>k13(['1',i,_]);let l12=_=>h3(['1',i,_]);let l13=_=>h2(['1',i,_]);let l14=_=>h0(['1',i,_]);let l15=_=>!l9(_)||l11(_)<0;let l16=_=>!l9(_)||l11(_)>0;let l17=l11(10)*l13(14)/100;let l18=l11(9)*l13(13)/100;let l19=l12(11)[0]-k6(l18);let l20=l12(12)[0]-k6(l17);let l21=l12(11)[1]+l13(13);let l22=l12(12)[1]+l13(14);let l23=l16(4)||l11(5)>0;let l24=l8([5,100]);let l25=l7([9,10]);let l26=l2[l11(6)];let l27=k1(l11(1));let l28=k1(l11(2));let l29=k1(l11(3));let l30=k1(l11(4));let l31=k1(l11(5));let l32=l12(15)[0];let l33=l12(15)[1];let l34=l12(16)[0];let l35=l12(16)[0||1];let l36=l32<0?'%':'px';let l37=l33<0?'%':'px';let l38=l34<0?'%':'px';let l39=l35<0?'%':'px';let l40='margin-top';let l41='margin-left';let l42='margin-right';let l43='margin-bottom';let l44='padding-top';let l45='padding-left';let l46='padding-right';let l47='padding-bottom';let l48='background-image';let l49=`${l24}% - ${l22}px`;h[2]+=`#l${k7(i)}{${!l9(8)?'':`order:${l8([8,0])};`}${l15(0)?'':`flex-grow:${k1(l11(0))};`}${l11(0)>=0?'':`flex-shrink:${k1(l11(0))};`}${l25||!l14(11)[0]?'':`left:${l12(11)[0]}px;`}${l25||!l14(12)[0]||0?'':`top:${l12(12)[0]}px;`}${!l25?'':`left:calc(${l8([9,0])}% + ${l19}px);`}${!l25?'':`top:calc(${l8([10,0])}% + ${l20}px);`}${l11(1)<=0?'':`width:calc(${l27}% - ${l21}px);`}${!l9(1)||l11(1)>0||0?'':`width:${l27-l21}px;`}${!l9(2)||l11(2)<=0?'':`max-width:${l28-l21}px;`}${!l9(2)||l11(2)>0?'':`min-width:${l28-l21}px;`}${l11(3)<=0?'':`height:calc(${l29}% - ${l22}px);`}${!l9(3)||l11(3)>0||0?'':`height:${k0(l29-l22)}px;`}${!l9(4)||l11(4)<=0?'':`max-height:${k0(l30-l22)}px;`}${!l9(4)||l11(4)>0?'':`min-height:${k0(l30-l22)}px;`}${!l23||!l16(5)||0||0?'':`min-height:calc(${l49});`}${!l9(5)||l11(5)!=0||0?'':`min-height:${l24}%;`}${l11(5)>=0?'':`aspect-ratio:${k6(100/l31)};`}${!l14(13)[0]||0?'':`${l41}:${l12(13)[0]}px;`}${!l14(13)[1]||0?'':`${l42}:${l12(13)[1]}px;`}${!l14(14)[0]||0?'':`${l40}:${l12(14)[0]}px;`}${!l14(14)[1]||0?'':`${l43}:${l12(14)[1]}px;`}${!l14(15)[0]?'':`${l45}:${k1(l32)}${l36};`}${!l14(15)[1]?'':`${l46}:${k1(l33)}${l37};`}${!l14(16)[0]?'':`${l44}:${k1(l34)}${l38};`}${!l14(16)[1]?'':`${l47}:${k1(l35)}${l39};`}${!l11(7)||0||0?'':`${h24([0,l11(7)])}`}${!l11(6)?'':`align-self:${l26};`}${!l25||0||0?'':`translate:${!l11(9)?'0':`${l11(9)/-1}%`} ${!l11(10)?'0':`${l11(10)/-1}%`};`}${!l25?'':'position:absolute;'}}${l6-l5>i||!l4?'':`#l${k7(i)}>[class]{${l48}:url('${l4}.png?t=${l1}');}`}`;}}h28(['2',1,100]);h29(['3',1,100]);h27(['4',1,100]);h26(['5',1,100]);}}
A58: 34 | B58: =$B$604&$B$605&$B$606&$B$607&$B$608&$B$609&$B$610&$B$611&$B$612&$B$613&$B$614&$B$615&$B$616&$B$617&$B$618&$B$619&$B$620&$B$621&$B$622&$B$623&$B$624&$B$625&$B$626&$B$627&$B$628&$B$629&$B$630&$B$631&$B$632&$B$633&$B$634&$B$635&$B$636&$B$637&$B$638&$B$639&$B$640&$B$641&$B$642&$B$643&$B$644&$B$645&$B$646&$B$647&$B$648&$B$649&$B$650&$B$651&$B$652&$B$653&$B$654&$B$655&$B$656&$B$657&$B$658&$B$659&$B$660&$B$661&$B$662&$B$663&$B$664&$B$665&$B$666&$B$667&$B$668&$B$669&$B$670&$B$671&$B$672&$B$673&$B$674&$B$675&$B$676&$B$677&$B$678&$B$679&$B$680&$B$681&$B$682&$B$683&$B$684&$B$685&$B$686&$B$687&$B$688&$B$689&$B$690&$B$691&$B$692&$B$693&$B$694&$B$695&$B$696&$B$697&$B$698&$B$699&$B$700&$B$701&$B$702&$B$703&$B$704&$B$705 -> if(l[0]>=0){let l0=Date.now();let l1=k10(['0',26]);let l2=k10(['0',38]);let l3=k10(['0',144]);let l4=l2||0||Number();let l5=l1||0||Number();for(let i=0;i<2;i++){let l6=i*18;let l7=i*100;let l8=[l6+19,l6+20];if(h4(['1',...l8])){let l9=hh9(['1',...l8]);for(let i0=0;i0<100;i0++){if(h8(['1',i0,...l8])){let l10=_=>k15(['1',i0,..._]);let l11=_=>k14(['1',i0,l6+_]);let l12=_=>k13(['1',i0,l6+_]);let l13=_=>h3(['1',i0,l6+_]);let l14=_=>h2(['1',i0,l6+_]);let l15=_=>h0(['1',i0,l6+_]);let l16=_=>!l11(_)||l12(_)>0;let l17=l16(22)||l12(23)>0;let l18=l11(27)||l11(28);let l19=l13(29)[1]+l14(31);let l20=l13(30)[1]+l14(32);let l21=l10([l6+23,100]);let l22=l10([l6+27,50]);let l23=l10([l6+28,0]);let l24=k1(l12(19));let l25=k1(l12(20));let l26=k1(l12(21));let l27=k1(l12(22));let l28=k1(l12(23));let l29=l12(27)/-1;let l30=l12(28)/-1;let l31=l13(33)[0];let l32=l13(33)[1];let l33=l13(34)[0];let l34=l13(34)[1];let l35=l15(31)[0||0];let l36=l15(31)[0||1];let l37=l12(24)=='ends';let l38=l12(24)=='start';let l39=l12(25)=='start';let l40=l12(25)=='ends';let l41=l31<0?'%':'px';let l42=l32<0?'%':'px';let l43=l33<0?'%':'px';let l44=l34<0?'%':'px';let l45='margin-top';let l46='margin-left';let l47='margin-right';let l48='margin-bottom';let l49='padding-top';let l50='padding-left';let l51='padding-right';let l52='padding-bottom';let l53='background-image';let l54=`${l21}% - ${l20}`;h[2]+=`#${!i?'k':'t'}${k7(i0)}{${!l11(26)?'':`z-index:${l10([26,0])};`}${l18||!l15(29)[0]?'':`left:${l13(29)[0]}px;`}${l18||!l15(30)[0]||0?'':`top:${l13(30)[0]}px;`}${!l18?'':`left:calc(${l22}% + ${l13(29)[0]}px);`}${!l18?'':`top:calc(${l23}% + ${l13(30)[0]}px);`}${l12(19)<=0?'':`width:calc(${l24}% - ${l19}px);`}${!l11(19)||l12(19)>0||0?'':`width:${l24-l19}px;`}${!l11(20)||l12(20)<=0?'':`max-width:${l25-l19}px;`}${!l11(20)||l12(20)>0?'':`min-width:${l25-l19}px;`}${l12(21)<=0?'':`height:calc(${l26}% - ${l20}px);`}${!l11(21)||l12(21)>0||0?'':`height:${k0(l26-l20)}px;`}${!l11(22)||l12(22)<=0?'':`max-height:${k0(l27-l20)}px;`}${!l11(22)||l12(22)>0?'':`min-height:${k0(l27-l20)}px;`}${!l17||!l16(23)||0?'':`min-height:calc(${l54}px);`}${!l11(23)||l12(23)!=0?'':`min-height:${l21}%;`}${l12(23)>=0?'':`aspect-ratio:${k6(100/l28)};`}${!l39&&(!l18||l35)?'':`margin-left:0px;`}${!l40&&(!l18||l36)?'':`margin-right:0px;`}${!l38&&(!l18||l35)?'':`margin-top:0px;`}${!l37&&(!l18||l36)?'':`margin-bottom:0px;`}${!l15(31)[0]||0?'':`${l46}:${l13(31)[0]}px;`}${!l15(31)[1]||0?'':`${l47}:${l13(31)[1]}px;`}${!l15(32)[0]||0?'':`${l45}:${l13(32)[0]}px;`}${!l15(32)[1]||0?'':`${l48}:${l13(32)[1]}px;`}${!l15(33)[0]?'':`${l50}:${k1(l31)}${l41};`}${!l15(33)[1]?'':`${l51}:${k1(l32)}${l42};`}${!l15(34)[0]?'':`${l49}:${k1(l33)}${l43};`}${!l15(34)[1]?'':`${l52}:${k1(l34)}${l44};`}${!l12(24)||0?'':`${h24([1,l12(24)])}`}${!l12(25)?'':`${h24([0,l12(25)])}`}${!l18||0||0?'':`translate:${!l11(27)?'-50%':`${l29}%`} ${!l11(28)?'0':`${l30}%`};`}}${l9-(i?l4:l5)>i0||!l3?'':`#${!i?'k':'t'}${k7(i0)}>[class]{${l53}:url('${l3}.png?t=${l0||0}');}`}`;}}h28(['2',l7+101,l7+200]);h29(['3',l7+101,l7+200]);h27(['4',l7+100,l7+199]);h26(['5',l7+100,l7+199]);}}}
A59: 35 | B59: =$B$707&$B$708&$B$709&$B$710&$B$711&$B$712&$B$713&$B$714&$B$715&$B$716&$B$717&$B$718&$B$719&$B$720&$B$721&$B$722&$B$723&$B$724&$B$725&$B$726&$B$727&$B$728&$B$729&$B$730&$B$731&$B$732&$B$733&$B$734&$B$735&$B$736&$B$737&$B$738&$B$739&$B$740&$B$741&$B$742&$B$743&$B$744&$B$745&$B$746&$B$747&$B$748&$B$749&$B$750&$B$751&$B$752&$B$753&$B$754&$B$755&$B$756&$B$757&$B$758&$B$759&$B$760&$B$761&$B$762&$B$763&$B$764&$B$765&$B$766&$B$767&$B$768&$B$769&$B$770&$B$771&$B$772&$B$773&$B$774&$B$775&$B$776&$B$777&$B$778&$B$779&$B$780&$B$781&$B$782&$B$783&$B$784&$B$785&$B$786&$B$787&$B$788&$B$789&$B$790&$B$791&$B$792&$B$793&$B$794&$B$795&$B$796 -> if(l[0]>=0){let l0=h23['1-1'];for(let i=0;i<10;i++){let l1=i*19;let l2=i*100;let l3=[l1+56,l1+57];let l4=[l1+55,...l3];if(h4(['1',...l4])){for(let i0=0;i0<100;i0++){if(h8(['1',i0,...l4])){let l5=_=>h8(['1',i0,..._]);let l6=_=>k15(['1',i0,..._]);let l7=_=>k14(['1',i0,l1+_]);let l8=_=>k13(['1',i0,l1+_]);let l9=_=>h3(['1',i0,l1+_]);let l10=_=>h2(['1',i0,l1+_]);let l11=_=>h0(['1',i0,l1+_]);let l12=_=>!l7(_)||l8(_)<0;let l13=_=>!l7(_)||l8(_)>0;let l14=l8(65)*l10(69)/100;let l15=l8(64)*l10(68)/100;let l16=l13(59)||l8(60)>0;let l17=l9(66)[0]-k6(l15);let l18=l9(67)[0]-k6(l14);let l19=l9(66)[1]+l10(68);let l20=l9(67)[1]+l10(69);let l21=l5([l1+64,l1+65]);let l22=l6([l1+60,100]);let l23=l6([l1+65,0]);let l24=l6([l1+64,0]);let l25=l0[l8(61)];let l26=k1(l8(56));let l27=k1(l8(57));let l28=k1(l8(58));let l29=k1(l8(59));let l30=k1(l8(60));let l31=l9(70)[0];let l32=l9(70)[1];let l33=l9(71)[0];let l34=l9(71)[0||1];let l35=l31<0?'%':'px';let l36=l32<0?'%':'px';let l37=l33<0?'%':'px';let l38=l34<0?'%':'px';let l39='margin-top';let l40='margin-left';let l41='margin-right';let l42='margin-bottom';let l43='padding-top';let l44='padding-left';let l45='padding-right';let l46='padding-bottom';let l47=`${l22}% - ${l20}px`;h[2]+=`#t${k8(i0+l2)}{${!l7(63)?'':`order:${l6([l1+63,0])};`}${l12(55)?'':`flex-grow:${k1(l8(55))};`}${l8(55)>=0?'':`flex-shrink:${k1(l8(55))};`}${l21||!l11(66)[0]?'':`left:${l9(66)[0]}px;`}${l21||!l11(67)[0]?'':`top:${l9(67)[0]}px;`}${!l21||0?'':`left:calc(${l24}% + ${l17}px);`}${!l21||0?'':`top:calc(${l23}% + ${l18}px);`}${l8(56)<=0?'':`width:calc(${l26}% - ${l19}px);`}${!l7(56)||l8(56)>0||0?'':`width:${l26-l19}px;`}${!l7(57)||l8(57)<=0?'':`max-width:${l27-l19}px;`}${!l7(57)||l8(57)>0?'':`min-width:${l27-l19}px;`}${l8(58)<=0?'':`height:calc(${l28}% - ${l20}px);`}${!l7(58)||l8(58)>0||0?'':`height:${k0(l28-l20)}px;`}${!l7(59)||l8(59)<=0?'':`max-height:${k0(l29-l20)}px;`}${!l7(59)||l8(59)>0?'':`min-height:${k0(l29-l20)}px;`}${!l16||!l13(60)||0||0?'':`min-height:calc(${l47});`}${!l7(60)||l8(60)!=0||0?'':`min-height:${l22}%;`}${l8(60)>=0?'':`aspect-ratio:${k6(100/l30)};`}${!l11(68)[0]||0?'':`${l40}:${l9(68)[0]}px;`}${!l11(68)[1]||0?'':`${l41}:${l9(68)[1]}px;`}${!l11(69)[0]||0?'':`${l39}:${l9(69)[0]}px;`}${!l11(69)[1]||0?'':`${l42}:${l9(69)[1]}px;`}${!l11(70)[0]?'':`${l44}:${k1(l31)}${l35};`}${!l11(70)[1]?'':`${l45}:${k1(l32)}${l36};`}${!l11(71)[0]?'':`${l43}:${k1(l33)}${l37};`}${!l11(71)[1]?'':`${l46}:${k1(l34)}${l38};`}${!l8(62)||0?'':`${h24([0,l8(62)])}`}${!l8(61)?'':`align-self:${l25};`}${!l21||0||0?'':`translate:${!l8(64)?'0':`${l8(64)/-1}%`} ${!l8(65)?'0':`${l8(65)/-1}%`};`}${!l21?'':'position:absolute;'}}`;}}h28(['2',301,1300]);h29(['3',301,1300]);h27(['4',300,1299]);h26(['5',300,1299]);}}}
A60: _ | B60: =$B$799&$B$800&$B$801&$B$802&$B$803&$B$804&$B$805&$B$806&$B$807&$B$808&$B$809&$B$810&$B$811&$B$812&$B$813&$B$814&$B$815&$B$816&$B$817&$B$818&$B$819&$B$820&$B$821&$B$822&$B$823&$B$824&$B$825&$B$826&$B$827&$B$828&$B$829&$B$830&$B$831&$B$832&$B$833&$B$834&$B$835&$B$836&$B$837&$B$838&$B$839&$B$840&$B$841&$B$842&$B$843&$B$844&$B$845&$B$846&$B$847&$B$848&$B$849&$B$850&$B$851&$B$852&$B$853&$B$854&$B$855&$B$856&$B$857&$B$858&$B$859&$B$860&$B$861&$B$862&$B$863&$B$864&$B$865&$B$866&$B$867&$B$868&$B$869&$B$870&$B$871&$B$872&$B$873&$B$874&$B$875&$B$876&$B$877&$B$878&$B$879&$B$880&$B$881&$B$882&$B$883&$B$884&$B$885&$B$886 -> if(l[0]>=0){let l0=h23['0'];let l1=h23['1'];let l2=h23['2'];let l3=h23['3'];let l4=[8,9,10,11,140,141,142];let l5=k10(['0',2])||0;let l6=k10(['0',3])||0;let l7=k10(['0',4])||0;let l8=k10(['0',5])||0;let l9=k10(['0',6])||0;let l10=k10(['0',7])||0;let l11=h4(['0',...l4]);let l12=['.k00','.t00'];let l13=['.l00',...l12];if(h4(['0',6,7,...l4])){h[3]+=`body>div{`;}if(h4(['0',6,7])){let l14=l9*10+400;let l15=l10*10+300;let l16=`${k2(l14)}`;let l17=`${k2(l15)}px`;let l18=`width:${l16}px`;h[3]+=`${!l9?'':`${l18};`}${!l15?'':`height:${l17};`}`;}if(h4(['0',...l4])){h[3]+=`filter:${!l11?'':`url('#f-all')`};`}if(h4(['0',6,7,...l4])){h[3]+=`${''}}`;}for(let i=0;i<3;i++){let l19='border-width';let l20=[`div:has(+div)`,'div+div','div+nav'];let l21=12*i||Number();let l22=[16+l21,17+l21];let l23=[18+l21,19+l21];let l24=[...l22,...l23];let l25=h4(['0',...l22]);let l26=h4(['0',...l23]);let l27=h4(['0',...l24]);let l28=k10(['0',15+l21]);let l29=k10(['0',16+l21]);let l30=k10(['0',17+l21]);let l31=k10(['0',18+l21]);let l32=k10(['0',19+l21]);let l33=k2(l1[l8][i]*90);let l34=h7(l29)[1];let l35=h7(l29)[0];let l36=l2[l28||0];let l37=l3[l36[0]];let l38=l3[l36[1]];let l39=l35*l30||0;let l40=k2(l39*4);if(l7||l8||l27){h[3]+=`body>div>${l20[2-i]}{${!l7?'':`z-index:${l0[l7][i]};`}${!l8?'':`rotate:${l33}deg;`}${!l25?'':`left:${l40||0}px;top:${k2(l34*l30*3)||0}px;`}${!l26?'':`${i?'padding':l19}:${k2(l32*3)||0}px ${k2(l31*4)||0}px;`}}`;}if(l28!=null){h[3]+=`${l13[i]}>[class]{${l3[19]}:${l37};${l3[20]}:${l38};}`;}}if(h4(['0',0||2,3])){let l41=k2(l6/5+16);let l42=k2(l5/5+2);let l43=`${l42}px`;let l44=`${l41}px`;let l45='font-size';h[3]+=`.l00>var,.k00>var,.t00>var{${!l5?'':`padding:${l43};`}${!l6?'':`${l45}:${l44};`}}`;}if(h4(['0',20,21,22,23])){h[3]+=`.l00>:is(div,nav){filter:url('#f-l00');}`;}if(h4(['0',32,33,34,35])){h[3]+=`.k00>:is(div,nav){filter:url('#f-k00');}`;}if(h4(['0',44,45,46,47])){h[3]+=`.t00>:is(div,nav){filter:url('#f-t00');}`;}}
A61: _ | B61: =$B$888&$B$889&$B$890&$B$891&$B$892&$B$893&$B$894&$B$895&$B$896&$B$897&$B$898&$B$899&$B$900&$B$901&$B$902&$B$903&$B$904&$B$905&$B$906&$B$907&$B$908&$B$909&$B$910&$B$911&$B$912&$B$913&$B$914&$B$915&$B$916&$B$917&$B$918&$B$919&$B$920&$B$921&$B$922&$B$923&$B$924&$B$925&$B$926&$B$927&$B$928&$B$929&$B$930&$B$931&$B$932&$B$933&$B$934&$B$935&$B$936&$B$937&$B$938&$B$939&$B$940&$B$941&$B$942&$B$943&$B$944&$B$945&$B$946&$B$947&$B$948&$B$949&$B$950&$B$951&$B$952&$B$953&$B$954&$B$955&$B$956&$B$957&$B$958&$B$959&$B$960&$B$961&$B$962&$B$963&$B$964&$B$965&$B$966 -> if(l[0]>=0){let l0=[140,141,142];let l1=['l00','k00','t00'];let l2=['erode','dilate'];let l3='SourceGraphic';let l4=['all',...l1];for(let i=0;i<4;i++){let l5=i*12||Number();let l6=[8+l5,9+l5];let l7=[10+l5,11+l5];let l8=k10(['0',8+l5]);let l9=k10(['0',9+l5]);let l10=k10(['0',10+l5]);let l11=k10(['0',11+l5]);let l12=k10(['0',12+l5]);let l13=k10(['0',13+l5]);let l14=h4(['0',...l0]);let l15=!l14||i?l3:1;let l16=!l8?l15:2;let l17=!l9?l16:3;if(!i&&h4(['0',...l0])||h4(['0',...l6,...l7])){let l18='<filter id';let l19='interpolation';h[0]+=`${l18}='f-${l4[i]}'${!l14?'':` color-${l19}${''}-filters='sRGB'`}>`;}if(!i&&h4(['0',...l0])){let l20=_=>_.join(' ');let l21=_=>k10(['0',_]);let l22=l0.map(_=>l21(_));let l23=l22.filter(_=>_!=null);let l24=_=>k5(k16(_[1])[_[0]]/255);let l25=l20(l23.map(_=>l24([0,_])));let l26=l20(l23.map(_=>l24([1,_])));let l27=l20(l23.map(_=>l24([2,_])));let l28=`type='table' tableValues`;let l29=`feComponentTransfer`;h[0]+=`<${h12}><${l29} result='0'><feFuncR ${l28}='${l25}'></feFuncR><feFuncG ${l28}='${l26}'></feFuncG><feFuncB ${l28}='${l27}'></feFuncB><feFuncA ${l28}='0 1'/></${l29}><feBlend in2='${l3}' mode='color' result='1'/>`;}if(h4(['0',...l6])){let l31=l2[l8>=50?1:0];let l32=l2[l9>=50?1:0];let l33=l8>=50?100-l8:l8;let l34=l9>=50?100-l9:l9;let l35='feMorphology operator';let l36=`<${l35}='${l31}' radius`;let l37=`<${l35}='${l32}' radius`;let l38=`'${k2(l33)} 0' result='2'`;let l39=`'0 ${k2(l34)}' result='3'`;h[0]+=`${!l8?'':`${l36}=${l38}/>`}${!l9?'':`${l37}=${l39}/>`}`;}if(h4(['0',...l7])){let l40=k5(l10/100)||0;let l41=k5(l11/100)||0;let l42=[100-l13,l13];let l43=l13<=49?1:0;let l44=l42[l43]+1;let l45=`result='4'`;let l46='turbulence';let l47='feTurbulence';let l48='fractalNoise';let l49=`${l43?l48:l46}`;let l50='feDisplacementMap';h[0]+=`<${l47} type='${l49}' baseFrequency='${l40} ${l41}'${!l12?'':` seed='${l12}'`}/><${l50} in='${l17}' scale='${k2(l44)||1}' ${l45}/>`;}if(h4(['0',...l6,...l7])||!i&&h4(['0',...l0])){h[0]+=`</filter>`;}}}if(l[0]>=0){return h;}};
A64: 0 | B64: ="const h"&$A$48&"=l=>{" -> const h24=l=>{
A65: 1 | B65: ="let l"&$A$64&"=h"&$A$46&"['1-0'];" -> let l0=h23['1-0'];
A66: 2 | B66: ="let l"&$A$65&"=l"&$A$64&".indexOf(l[1]);" -> let l1=l0.indexOf(l[1]);
A67: 3 | B67: ="let l"&$A$66&"=_=>_.includes(l"&$A$65&");" -> let l2=_=>_.includes(l1);
A68: 4 | B68: ="let l"&$A$67&"=l"&$A$66&"([0,2])?'auto':'';" -> let l3=l2([0,2])?'auto':'';
A69: 5 | B69: ="let l"&$A$68&"=l"&$A$66&"([1,2])?'auto':'';" -> let l4=l2([1,2])?'auto':'';
A70: 6 | B70: ="let l"&$A$69&"='margin-bottom';" -> let l5='margin-bottom';
A71: 7 | B71: ="let l"&$A$70&"='margin-right';" -> let l6='margin-right';
A72: 8 | B72: ="let l"&$A$71&"='margin-left';" -> let l7='margin-left';
A73: 9 | B73: ="let l"&$A$72&"='margin-top';" -> let l8='margin-top';
A74: 10 | B74: ="let l"&$A$73&"=[l"&$A$71&",l"&$A$72&"][l[0]];" -> let l9=[l7,l8][l[0]];
A75: 11 | B75: ="let l"&$A$74&"=[l"&$A$70&",l"&$A$69&"][l[0]];" -> let l10=[l6,l5][l[0]];
A76: 12 | B76: ="let l"&$A$75&"=`${l"&$A$74&"}:${l"&$A$67&"}`;" -> let l11=`${l10}:${l3}`;
A77: 13 | B77: ="let l"&$A$76&"=`${l"&$A$73&"}:${l"&$A$68&"}`;" -> let l12=`${l9}:${l4}`;
A78: _ | B78: ="let l"&$A$77&"=`" -> let l13=`
B79: ="${!l"&$A$68&"?'':`${l"&$A$76&"};`}" -> ${!l4?'':`${l12};`}
B80: ="${!l"&$A$67&"?'':`${l"&$A$75&"};`}`;" -> ${!l3?'':`${l11};`}`;
B81: ="return l"&$A$77&";};" -> return l13;};
A83: 0 | B83: ="const h"&$A$49&"=l=>{" -> const h25=l=>{
A84: 1 | B84: ="let l"&$A$83&"=Date.now();" -> let l0=Date.now();
A85: 2 | B85: ="let l"&$A$84&"=h"&$A$42&".slice(1);" -> let l1=h19.slice(1);
A86: 3 | B86: ="let l"&$A$85&"=['0',145];" -> let l2=['0',145];
A87: 4 | B87: ="let l"&$A$86&"=k"&$A$15&"(l"&$A$85&");" -> let l3=k10(l2);
A88: 5 | B88: ="let l"&$A$87&"=h"&$A$38&"(l);" -> let l4=h15(l);
A89: 6 | B89: ="if (l"&$A$86&"!=null){" -> if (l3!=null){
A90: _ | B90: ="h[2]+=`" -> h[2]+=`
B91: ="@font-face{" -> @font-face{
B92: ="src:url('${l"&$A$86&"}" -> src:url('${l3}
B93: =".otf?t=${l"&$A$83&"}');" -> .otf?t=${l0}');
B94: ="font-family:body;" -> font-family:body;
B95: ="font-display:swap;}`;}" -> font-display:swap;}`;}
B96: ="for(let i of l"&$A$87&"){" -> for(let i of l4){
B97: ="if(h"&$A$28&"(['5',i,"&COLUMN('5'!$M:$M)-2&","&COLUMN('5'!$M:$M)-COLUMN('5'!$M:$M)&"])){" -> if(h5(['5',i,11,0])){
B98: ="let l"&$A$88&"=k['5'][i]["&COLUMN('5'!$M:$M)-2&"];" -> let l5=k['5'][i][11];
B99: ="let l"&$A$89&"='font-family';" -> let l6='font-family';
B100: ="if (l"&$A$88&"!=null){" -> if (l5!=null){
B101: ="h[2]+=`" -> h[2]+=`
B102: ="@font-face{" -> @font-face{
B103: ="src:url('${l"&$A$88&"}" -> src:url('${l5}
B104: =".otf?t=${l"&$A$83&"}');" -> .otf?t=${l0}');
B105: ="${l"&$A$89&"}:${l"&$A$84&"[i]};" -> ${l6}:${l1[i]};
...

Sheet 1
D1: l00 | E1: l01 | F1: l02 | G1: l03 | H1: l04 | I1: l05 | J1: l06 | K1: l07 | L1: l08 | M1: l09 | N1: l10 | O1: l11 | P1: l12 | Q1: l13 | R1: l14 | S1: l15 | T1: l16 | U1: l17 | V1: l18 | W1: l19 | X1: l20 | Y1: l21 | Z1: l22 | AA1: l23 | AB1: l24 | AC1: l25 | AD1: l26 | AE1: l27 | AF1: l28 | AG1: l29 | AH1: l30 | AI1: l31 | AJ1: l32 | AK1: l33 | AL1: l34 | AM1: l35 | AN1: l36 | AO1: l37 | AP1: l38 | AQ1: l39 | AR1: l40 | AS1: l41 | AT1: l42 | AU1: l43 | AV1: l44 | AW1: l45 | AX1: l46 | AY1: l47 | AZ1: l48 | BA1: l49 | BB1: l50 | BC1: l51 | BD1: l52 | BE1: l53 | BF1: l54 | BG1: l55 | BH1: l56 | BI1: l57 | BJ1: l58 | BK1: l59 | BL1: l60 | BM1: l61 | BN1: l62 | BO1: l63 | BP1: l64 | BQ1: l65 | BR1: l66 | BS1: l67 | BT1: l68 | BU1: l69 | BV1: l70 | BW1: l71 | BX1: l72 | BY1: l73 | BZ1: l74 | CA1: l75 | CB1: l76 | CC1: l77 | CD1: l78 | CE1: l79 | CF1: l80 | CG1: l81 | CH1: l82 | CI1: l83 | CJ1: l84 | CK1: l85 | CL1: l86 | CM1: l87 | CN1: l88 | CO1: l89 | CP1: l90 | CQ1: l91 | CR1: l92 | CS1: l93 | CT1: l94 | CU1: l95 | CV1: l96 | CW1: l97 | CX1: l98 | CY1: l99
A2: width self | B2: number
A3: width flex | B3: % all
A4: width max | B4: px all
A5: height flex | B5: % all
A6: height max | B6: px all
A7: height min | B7: % all | C7: 100
A8: aligned min | B8: select 4 | C8: auto
A9: aligned max | B9: select 3 | C9: none
A10: order diagonal | B10: 0 - 99 | C10: 0
A11: order horizontal | B11: % all
A12: order vertical | B12: % all
A13: offset axis x | B13: px,px all
A14: offset axis y | B14: px,px all
A15: margin axis x | B15: px,px all
A16: margin axis y | B16: px,px all
A17: padding axis x | B17: px,px all
A18: padding axis y | B18: px,px all
A19: relation frame | B19: l00 - t99
D20: k00 | E20: k01 | F20: k02 | G20: k03 | H20: k04 | I20: k05 | J20: k06 | K20: k07 | L20: k08 | M20: k09 | N20: k10 | O20: k11 | P20: k12 | Q20: k13 | R20: k14 | S20: k15 | T20: k16 | U20: k17 | V20: k18 | W20: k19 | X20: k20 | Y20: k21 | Z20: k22 | AA20: k23 | AB20: k24 | AC20: k25 | AD20: k26 | AE20: k27 | AF20: k28 | AG20: k29 | AH20: k30 | AI20: k31 | AJ20: k32 | AK20: k33 | AL20: k34 | AM20: k35 | AN20: k36 | AO20: k37 | AP20: k38 | AQ20: k39 | AR20: k40 | AS20: k41 | AT20: k42 | AU20: k43 | AV20: k44 | AW20: k45 | AX20: k46 | AY20: k47 | AZ20: k48 | BA20: k49 | BB20: k50 | BC20: k51 | BD20: k52 | BE20: k53 | BF20: k54 | BG20: k55 | BH20: k56 | BI20: k57 | BJ20: k58 | BK20: k59 | BL20: k60 | BM20: k61 | BN20: k62 | BO20: k63 | BP20: k64 | BQ20: k65 | BR20: k66 | BS20: k67 | BT20: k68 | BU20: k69 | BV20: k70 | BW20: k71 | BX20: k72 | BY20: k73 | BZ20: k74 | CA20: k75 | CB20: k76 | CC20: k77 | CD20: k78 | CE20: k79 | CF20: k80 | CG20: k81 | CH20: k82 | CI20: k83 | CJ20: k84 | CK20: k85 | CL20: k86 | CM20: k87 | CN20: k88 | CO20: k89 | CP20: k90 | CQ20: k91 | CR20: k92 | CS20: k93 | CT20: k94 | CU20: k95 | CV20: k96 | CW20: k97 | CX20: k98 | CY20: k99
A21: width flex | B21: % all
A22: width max | B22: px all
A23: height flex | B23: % all
A24: height max | B24: px all
A25: height min | B25: % all | C25: 100
A26: aligned min | B26: select 3 | C26: none
A27: aligned max | B27: select 3 | C27: none
A28: order diagonal | B28: 0 - 99
A29: order horizontal | B29: % all
A30: order vertical | B30: % all
A31: offset axis x | B31: px,px all
A32: offset axis y | B32: px,px all
A33: margin axis x | B33: px,px all
A34: margin axis y | B34: px,px all
A35: padding axis x | B35: px,px all
A36: padding axis y | B36: px,px all
A37: relation frame | B37: l00 - t99
D38: t00 | E38: t01 | F38: t02 | G38: t03 | H38: t04 | I38: t05 | J38: t06 | K38: t07 | L38: t08 | M38: t09 | N38: t10 | O38: t11 | P38: t12 | Q38: t13 | R38: t14 | S38: t15 | T38: t16 | U38: t17 | V38: t18 | W38: t19 | X38: t20 | Y38: t21 | Z38: t22 | AA38: t23 | AB38: t24 | AC38: t25 | AD38: t26 | AE38: t27 | AF38: t28 | AG38: t29 | AH38: t30 | AI38: t31 | AJ38: t32 | AK38: t33 | AL38: t34 | AM38: t35 | AN38: t36 | AO38: t37 | AP38: t38 | AQ38: t39 | AR38: t40 | AS38: t41 | AT38: t42 | AU38: t43 | AV38: t44 | AW38: t45 | AX38: t46 | AY38: t47 | AZ38: t48 | BA38: t49 | BB38: t50 | BC38: t51 | BD38: t52 | BE38: t53 | BF38: t54 | BG38: t55 | BH38: t56 | BI38: t57 | BJ38: t58 | BK38: t59 | BL38: t60 | BM38: t61 | BN38: t62 | BO38: t63 | BP38: t64 | BQ38: t65 | BR38: t66 | BS38: t67 | BT38: t68 | BU38: t69 | BV38: t70 | BW38: t71 | BX38: t72 | BY38: t73 | BZ38: t74 | CA38: t75 | CB38: t76 | CC38: t77 | CD38: t78 | CE38: t79 | CF38: t80 | CG38: t81 | CH38: t82 | CI38: t83 | CJ38: t84 | CK38: t85 | CL38: t86 | CM38: t87 | CN38: t88 | CO38: t89 | CP38: t90 | CQ38: t91 | CR38: t92 | CS38: t93 | CT38: t94 | CU38: t95 | CV38: t96 | CW38: t97 | CX38: t98 | CY38: t99
A39: width flex | B39: % all
A40: width max | B40: px all
A41: height flex | B41: % all
A42: height max | B42: px all
A43: height min | B43: % all | C43: 100
A44: aligned min | B44: select 3 | C44: none
A45: aligned max | B45: select 3 | C45: none
A46: order diagonal | B46: 0 - 99
A47: order horizontal | B47: % all
A48: order vertical | B48: % all
A49: offset axis x | B49: px,px all
A50: offset axis y | B50: px,px all
A51: margin axis x | B51: px,px all
A52: margin axis y | B52: px,px all
A53: padding axis x | B53: px,px all
A54: padding axis y | B54: px,px all
A55: relation frame | B55: l00 - t99
D56: t000 | E56: t001 | F56: t002 | G56: t003 | H56: t004 | I56: t005 | J56: t006 | K56: t007 | L56: t008 | M56: t009 | N56: t010 | O56: t011 | P56: t012 | Q56: t013 | R56: t014 | S56: t015 | T56: t016 | U56: t017 | V56: t018 | W56: t019 | X56: t020 | Y56: t021 | Z56: t022 | AA56: t023 | AB56: t024 | AC56: t025 | AD56: t026 | AE56: t027 | AF56: t028 | AG56: t029 | AH56: t030 | AI56: t031 | AJ56: t032 | AK56: t033 | AL56: t034 | AM56: t035 | AN56: t036 | AO56: t037 | AP56: t038 | AQ56: t039 | AR56: t040 | AS56: t041 | AT56: t042 | AU56: t043 | AV56: t044 | AW56: t045 | AX56: t046 | AY56: t047 | AZ56: t048 | BA56: t049 | BB56: t050 | BC56: t051 | BD56: t052 | BE56: t053 | BF56: t054 | BG56: t055 | BH56: t056 | BI56: t057 | BJ56: t058 | BK56: t059 | BL56: t060 | BM56: t061 | BN56: t062 | BO56: t063 | BP56: t064 | BQ56: t065 | BR56: t066 | BS56: t067 | BT56: t068 | BU56: t069 | BV56: t070 | BW56: t071 | BX56: t072 | BY56: t073 | BZ56: t074 | CA56: t075 | CB56: t076 | CC56: t077 | CD56: t078 | CE56: t079 | CF56: t080 | CG56: t081 | CH56: t082 | CI56: t083 | CJ56: t084 | CK56: t085 | CL56: t086 | CM56: t087 | CN56: t088 | CO56: t089 | CP56: t090 | CQ56: t091 | CR56: t092 | CS56: t093 | CT56: t094 | CU56: t095 | CV56: t096 | CW56: t097 | CX56: t098 | CY56: t099
A57: width self | B57: number
A58: width flex | B58: % all
A59: width max | B59: px all
A60: height flex | B60: % all
A61: height max | B61: px all
A62: height min | B62: % all | C62: 100
A63: aligned min | B63: select 4 | C63: auto
A64: aligned max | B64: select 3 | C64: none
A65: order diagonal | B65: 0 - 99 | C65: 0
A66: order horizontal | B66: % all
A67: order vertical | B67: % all
A68: offset axis x | B68: px,px all
A69: offset axis y | B69: px,px all
A70: margin axis x | B70: px,px all
A71: margin axis y | B71: px,px all
A72: padding axis x | B72: px,px all
A73: padding axis y | B73: px,px all
A74: relation frame | B74: l00 - t99
D75: t100 | E75: t101 | F75: t102 | G75: t103 | H75: t104 | I75: t105 | J75: t106 | K75: t107 | L75: t108 | M75: t109 | N75: t110 | O75: t111 | P75: t112 | Q75: t113 | R75: t114 | S75: t115 | T75: t116 | U75: t117 | V75: t118 | W75: t119 | X75: t120 | Y75: t121 | Z75: t122 | AA75: t123 | AB75: t124 | AC75: t125 | AD75: t126 | AE75: t127 | AF75: t128 | AG75: t129 | AH75: t130 | AI75: t131 | AJ75: t132 | AK75: t133 | AL75: t134 | AM75: t135 | AN75: t136 | AO75: t137 | AP75: t138 | AQ75: t139 | AR75: t140 | AS75: t141 | AT75: t142 | AU75: t143 | AV75: t144 | AW75: t145 | AX75: t146 | AY75: t147 | AZ75: t148 | BA75: t149 | BB75: t150 | BC75: t151 | BD75: t152 | BE75: t153 | BF75: t154 | BG75: t155 | BH75: t156 | BI75: t157 | BJ75: t158 | BK75: t159 | BL75: t160 | BM75: t161 | BN75: t162 | BO75: t163 | BP75: t164 | BQ75: t165 | BR75: t166 | BS75: t167 | BT75: t168 | BU75: t169 | BV75: t170 | BW75: t171 | BX75: t172 | BY75: t173 | BZ75: t174 | CA75: t175 | CB75: t176 | CC75: t177 | CD75: t178 | CE75: t179 | CF75: t180 | CG75: t181 | CH75: t182 | CI75: t183 | CJ75: t184 | CK75: t185 | CL75: t186 | CM75: t187 | CN75: t188 | CO75: t189 | CP75: t190 | CQ75: t191 | CR75: t192 | CS75: t193 | CT75: t194 | CU75: t195 | CV75: t196 | CW75: t197 | CX75: t198 | CY75: t199
A76: width self | B76: number
A77: width flex | B77: % all
A78: width max | B78: px all
A79: height flex | B79: % all
A80: height max | B80: px all
A81: height min | B81: % all | C81: 100
A82: aligned min | B82: select 4 | C82: auto
A83: aligned max | B83: select 3 | C83: none
A84: order diagonal | B84: 0 - 99 | C84: 0
A85: order horizontal | B85: % all
A86: order vertical | B86: % all
A87: offset axis x | B87: px,px all
A88: offset axis y | B88: px,px all
A89: margin axis x | B89: px,px all
A90: margin axis y | B90: px,px all
A91: padding axis x | B91: px,px all
A92: padding axis y | B92: px,px all
A93: relation frame | B93: l00 - t99
D94: t200 | E94: t201 | F94: t202 | G94: t203 | H94: t204 | I94: t205 | J94: t206 | K94: t207 | L94: t208 | M94: t209 | N94: t210 | O94: t211 | P94: t212 | Q94: t213 | R94: t214 | S94: t215 | T94: t216 | U94: t217 | V94: t218 | W94: t219 | X94: t220 | Y94: t221 | Z94: t222 | AA94: t223 | AB94: t224 | AC94: t225 | AD94: t226 | AE94: t227 | AF94: t228 | AG94: t229 | AH94: t230 | AI94: t231 | AJ94: t232 | AK94: t233 | AL94: t234 | AM94: t235 | AN94: t236 | AO94: t237 | AP94: t238 | AQ94: t239 | AR94: t240 | AS94: t241 | AT94: t242 | AU94: t243 | AV94: t244 | AW94: t245 | AX94: t246 | AY94: t247 | AZ94: t248 | BA94: t249 | BB94: t250 | BC94: t251 | BD94: t252 | BE94: t253 | BF94: t254 | BG94: t255 | BH94: t256 | BI94: t257 | BJ94: t258 | BK94: t259 | BL94: t260 | BM94: t261 | BN94: t262 | BO94: t263 | BP94: t264 | BQ94: t265 | BR94: t266 | BS94: t267 | BT94: t268 | BU94: t269 | BV94: t270 | BW94: t271 | BX94: t272 | BY94: t273 | BZ94: t274 | CA94: t275 | CB94: t276 | CC94: t277 | CD94: t278 | CE94: t279 | CF94: t280 | CG94: t281 | CH94: t282 | CI94: t283 | CJ94: t284 | CK94: t285 | CL94: t286 | CM94: t287 | CN94: t288 | CO94: t289 | CP94: t290 | CQ94: t291 | CR94: t292 | CS94: t293 | CT94: t294 | CU94: t295 | CV94: t296 | CW94: t297 | CX94: t298 | CY94: t299
A95: width self | B95: number
A96: width flex | B96: % all
A97: width max | B97: px all
A98: height flex | B98: % all
A99: height max | B99: px all
A100: height min | B100: % all | C100: 100
...

Sheet 2
B1: left | C1: right | D1: top | E1: bottom | F1: ground | G1: blur I | H1: blur II | I1: axis x | J1: axis y | K1: axis z | L1: blur I | M1: blur II | N1: axis x | O1: axis y | P1: axis z | Q1: left | R1: right | S1: top | T1: bottom | U1: outline | V1: offset | W1: paint | X1: paint | Y1: angle nw | Z1: angle nw | AA1: angle ne | AB1: angle ne | AC1: angle sw | AD1: angle sw | AE1: angle se | AF1: angle se | AG1: slide x | AH1: slide y | AI1: scale x | AJ1: scale y | AK1: rotate z | AL1: origin z | AM1: horizontal | AN1: vertical | AO1: direct | AP1: invert | AQ1: index
B2: px all | C2: px all | D2: px all | E2: px all | F2: select 3 | G2: px | H2: px all | I2: px all | J2: px all | K2: boolean | L2: px | M2: px all | N2: px all | O2: px all | P2: boolean | Q2: px | R2: px | S2: px | T2: px | U2: px | V2: px all | W2: select 4 | X2: select 4 | Y2: px,px | Z2: %,% | AA2: px,px | AB2: %,% | AC2: px,px | AD2: %,% | AE2: px,px | AF2: %,% | AG2: % all | AH2: % all | AI2: number | AJ2: number | AK2: deg all | AL2: select 8 | AM2: select 5 | AN2: select 6 | AO2: boolean | AP2: boolean | AQ2: number
B3: auto | C3: auto | D3: auto | E3: auto | F3: auto | G3: auto | H3: auto | K3: false | L3: auto | M3: auto | P3: false | Q3: auto | R3: auto | S3: auto | T3: auto | U3: auto | V3: auto | W3: solid | X3: solid | AI3: 1 | AJ3: 1 | AK3: 0 | AL3: center | AM3: center | AN3: start | AO3: false | AP3: false | AQ3: auto
A4: all | B4: 0 | C4: 1 | D4: 2 | E4: 3
A5: l00 | B5: 2 | C5: 2 | D5: 2 | E5: 2 | U5: 1 | V5: -3
A6: l01 | B6: 2 | C6: 2 | D6: 2 | E6: 2 | U6: 1 | V6: -3
A7: l02 | B7: 2 | C7: 2 | D7: 2 | E7: 2 | U7: 1 | V7: -3
A8: l03 | B8: 2 | C8: 2 | D8: 2 | E8: 2 | U8: 1 | V8: -3
A9: l04 | B9: 2 | C9: 2 | D9: 2 | E9: 2 | U9: 1 | V9: -3
A10: l05 | B10: 2 | C10: 2 | D10: 2 | E10: 2 | U10: 1 | V10: -3
A11: l06 | B11: 2 | C11: 2 | D11: 2 | E11: 2 | U11: 1 | V11: -3
A12: l07 | B12: 2 | C12: 2 | D12: 2 | E12: 2 | U12: 1 | V12: -3
A13: l08 | B13: 2 | C13: 2 | D13: 2 | E13: 2 | U13: 1 | V13: -3
A14: l09 | B14: 2 | C14: 2 | D14: 2 | E14: 2 | U14: 1 | V14: -3
A15: l10 | B15: 2 | C15: 2 | D15: 2 | E15: 2 | U15: 1 | V15: -3
A16: l11 | B16: 2 | C16: 2 | D16: 2 | E16: 2 | U16: 1 | V16: -3
... A304: t99 | B304: 2 | C304: 2 | D304: 2 | E304: 2 | U304: 1 | V304: -3
A305: t000 | G305: 0 | H305: 1 | Q305: 2 | R305: 2 | S305: 2 | T305: 2
A306: t001 | G306: 0 | H306: 1 | Q306: 2 | R306: 2 | S306: 2 | T306: 2
A307: t002 | G307: 0 | H307: 1 | Q307: 2 | R307: 2 | S307: 2 | T307: 2
A308: t003 | G308: 0 | H308: 1 | Q308: 2 | R308: 2 | S308: 2 | T308: 2
A309: t004 | G309: 0 | H309: 1 | Q309: 2 | R309: 2 | S309: 2 | T309: 2
A310: t005 | G310: 0 | H310: 1 | Q310: 2 | R310: 2 | S310: 2 | T310: 2
A311: t006 | G311: 0 | H311: 1 | Q311: 2 | R311: 2 | S311: 2 | T311: 2
A312: t007 | G312: 0 | H312: 1 | Q312: 2 | R312: 2 | S312: 2 | T312: 2
A313: t008 | G313: 0 | H313: 1 | Q313: 2 | R313: 2 | S313: 2 | T313: 2
A314: t009 | G314: 0 | H314: 1 | Q314: 2 | R314: 2 | S314: 2 | T314: 2
A315: t010 | G315: 0 | H315: 1 | Q315: 2 | R315: 2 | S315: 2 | T315: 2
A316: t011 | G316: 0 | H316: 1 | Q316: 2 | R316: 2 | S316: 2 | T316: 2
... A1304: t999 | G1304: 0 | H1304: 1 | Q1304: 2 | R1304: 2 | S1304: 2 | T1304: 2

Sheet 3
B1: shape fill | C1: shade front | D1: shade scope | E1: border fill | F1: outline fill | G1: gradient | H1: gradient | I1: shape fill | J1: shade front | K1: shade scope | L1: border fill | M1: outline fill | N1: gradient | O1: gradient | P1: fills | Q1: front | R1: scope | S1: border | T1: outline | U1: gradient | V1: gradient | W1: display | X1: visible | Y1: blend I | Z1: blend II | AA1: drop fx | AB1: shade | AC1: axis x | AD1: axis y | AE1: bright | AF1: opacity | AG1: opacity | AH1: grayscale | AI1: saturate | AJ1: contrast | AK1: rotation | AL1: gradient | AM1: gradient | AN1: image | AO1: shift I | AP1: shift II
B2: select 130 | C2: select 130 | D2: select 130 | E2: select 130 | F2: select 130 | G2: select 130 | H2: select 130 | I2: r,g,b,a | J2: r,g,b,a | K2: r,g,b,a | L2: r,g,b,a | M2: r,g,b,a | N2: r,g,b,a | O2: r,g,b,a | P2: #hex | Q2: #hex | R2: #hex | S2: #hex | T2: #hex | U2: #hex | V2: #hex | W2: select 3 | X2: select 3 | Y2: select 15 | Z2: boolean | AA2: boolean | AB2: px | AC2: px all | AD2: px all | AE2: % | AF2: % | AG2: % | AH2: % | AI2: % | AJ2: % | AK2: deg all | AL2: select 8 | AM2: select 3 | AN2: select 2 | AO2: px,px | AP2: %,%
B3: auto | C3: auto | D3: auto | E3: auto | F3: auto | G3: auto | H3: auto | W3: auto | X3: auto | Y3: auto | Z3: false | AA3: false | AK3: 0 | AL3: center | AM3: linear | AN3: none
A4: all
A5: l00 | F5: Gray | G5: White | H5: White
A6: l01 | F6: Gray | G6: White | H6: White
A7: l02 | F7: Gray | G7: White | H7: White
A8: l03 | F8: Gray | G8: White | H8: White
A9: l04 | F9: Gray | G9: White | H9: White
A10: l05 | F10: Gray | G10: White | H10: White
A11: l06 | F11: Gray | G11: White | H11: White
A12: l07 | F12: Gray | G12: White | H12: White
A13: l08 | F13: Gray | G13: White | H13: White
A14: l09 | F14: Gray | G14: White | H14: White
A15: l10 | F15: Gray | G15: White | H15: White
A16: l11 | F16: Gray | G16: White | H16: White
... A304: t99 | F304: Gray | G304: White | H304: White
A305: t000 | B305: White | C305: Gray
A306: t001 | B306: White | C306: Gray
A307: t002 | B307: White | C307: Gray
A308: t003 | B308: White | C308: Gray
A309: t004 | B309: White | C309: Gray
A310: t005 | B310: White | C310: Gray
A311: t006 | B311: White | C311: Gray
A312: t007 | B312: White | C312: Gray
A313: t008 | B313: White | C313: Gray
A314: t009 | B314: White | C314: Gray
A315: t010 | B315: White | C315: Gray
A316: t011 | B316: White | C316: Gray
... A1304: t999 | B1304: White | C1304: Gray

Sheet 4
B1: left | C1: right | D1: top | E1: bottom | F1: ground | G1: location | H1: position | I1: position | J1: position | K1: sizes I | L1: sizes II | M1: file local
B2: px | C2: px | D2: px | E2: px | F2: boolean | G2: select 3 | H2: select 8 | I2: px,px | J2: %,% | K2: px,px | L2: %,% | M2: path png
B3: 10 | C3: 10 | D3: 10 | E3: 10 | F3: false | G3: cover | H3: center
A4: l00
A5: l01
A6: l02
A7: l03
A8: l04
A9: l05
A10: l06
A11: l07
A12: l08
A13: l09
A14: l10
A15: l11
... A1303: t999

Sheet 5
B1: left | C1: right | D1: top | E1: bottom | F1: color I | G1: color II | H1: align I | I1: align II | J1: style | K1: size I | L1: size II | M1: file local | N1: input text
B2: px | C2: px | D2: px | E2: px | F2: #hex | G2: #hex | H2: select 4 | I2: select 4 | J2: select 3 | K2: 1 - 9 | L2: px,px | M2: path otf | N2: html text
B3: 10 | C3: 10 | D3: 10 | E3: 10 | H3: auto | I3: auto | J3: none | K3: 4 | L3: 16
A4: l00
A5: l01
A6: l02
A7: l03
A8: l04
A9: l05
A10: l06
A11: l07
A12: l08
A13: l09
A14: l10
A15: l11
... A1303: t999
